aus_portret,aut_portret,bel_portret,bra_portret,che_portret,chl_portret,chn_portret,col_portret,deu_portret,dnk_portret,egy_portret,esp_portret,fin_portret,fra_portret,gbr_portret,grc_portret,hkg_portret,hun_portret,idn_portret,ind_portret,irl_portret,ita_portret,jpn_portret,kor_portret,mex_portret,mys_portret,nld_portret,nor_portret,nzl_portret,phl_portret,pol_portret,prt_portret,sgp_portret,swe_portret,tha_portret,tur_portret,twn_portret,zaf_portret,aus_portretx,aut_portretx,bel_portretx,bra_portretx,che_portretx,chl_portretx,chn_portretx,col_portretx,deu_portretx,dnk_portretx,egy_portretx,esp_portretx,fin_portretx,fra_portretx,gbr_portretx,grc_portretx,hkg_portretx,hun_portretx,idn_portretx,ind_portretx,irl_portretx,ita_portretx,jpn_portretx,kor_portretx,mex_portretx,mys_portretx,nld_portretx,nor_portretx,nzl_portretx,phl_portretx,pol_portretx,prt_portretx,sgp_portretx,swe_portretx,tha_portretx,tur_portretx,twn_portretx,zaf_portretx,ewretd,ewretx,sprtrn,vwretd,vwretx
1.0,0.7389185850494402,0.7249764257701848,0.6818180479979379,0.7406108831662878,0.5147855293154968,0.19920849352216916,0.5771717986510535,0.7852638331784123,0.5237482721382853,NaN,0.6911744652899132,0.7901314700011152,0.7589388252373757,0.7950845779065,0.6117226667973603,0.3422511213015374,0.5644240085706931,0.6766537862309345,0.707943836481181,0.7327203439814092,0.7361763893280691,0.6024996517428732,0.679422776527574,0.7427428067352533,0.6842083218652663,0.7000695007915787,0.6852422368293086,0.7984914637477063,0.588036427127098,0.5882526397224616,0.5805322663582545,0.7746123185087005,0.7634387273810445,0.6690820262130363,0.3540636539182627,0.6138101887829903,0.6981898794810509,0.9978615808920813,0.7446561720673631,0.7278226414086595,0.684058956537654,0.7465626141404419,0.5242270340696746,0.19725290032418177,0.5909042984046058,0.7949918464040142,0.5278555566740649,NaN,0.6840264759712269,0.7794967463523603,0.7596907647713612,0.7919989597197342,0.6015164715777442,0.3518181366227853,0.5673239162738569,0.6747206747624344,0.7088854397278213,0.7326039625464064,0.7401019066441272,0.6280696549854408,0.6826203799527999,0.7390200901138113,0.6877966039931219,0.693671831683586,0.6826294865454662,0.8173800365308168,0.5916964683712599,0.5845736470796951,0.5984402930985466,0.758717062295882,0.7611951449833885,0.6787152557831929,0.3520614457695414,0.6145965101746547,0.7032382512489551,0.8487651231603507,0.8497528611047708,0.817038474876295,0.8464221309265106,0.8471975252016649
0.7389185850494402,1.0,0.8357172172530409,0.5975934957979802,0.7131145143012205,0.6015178026021935,0.16633285608921794,0.6551028300899548,0.8466172422460304,0.4287018311050372,NaN,0.8703319321036352,0.8360212663721126,0.8139836669551456,0.8957770551874186,0.7637911316562717,0.48597561323926675,0.7406445911919876,0.6020553544873158,0.5911524813206707,0.8051492700349976,0.8744033368490944,0.5801252816430398,0.6211432992267,0.6715959699120456,0.6734772148747756,0.7071568590125343,0.7566597762530723,0.5627147534546931,0.5626621051448563,0.7455999453185517,0.7401551182113989,0.7534959758806382,0.7107491359040279,0.5784241660653442,0.33744706913299627,0.5824657108015556,0.685169382152092,0.7398555639663,0.996347507557162,0.8188610513464543,0.5956682415660111,0.7170844095657818,0.5915640782080094,0.16754864001623154,0.655289438058454,0.8390173535043728,0.44236923661662025,NaN,0.8659990532305817,0.8401916163074834,0.8025204642369366,0.8966293878006394,0.7636942010693909,0.4948630346603624,0.7326043009171808,0.6105329438827968,0.5923811200359175,0.8051362698668033,0.8687162097128508,0.6116533862566588,0.6220190208888374,0.6604791899874185,0.6887682796778944,0.6977591594678481,0.7406869283149325,0.5903986317486801,0.5651355988096259,0.738769267327953,0.7413106542710477,0.7300257668914912,0.7051003338244851,0.5881389401848552,0.34059655075241146,0.5900349714540625,0.6998101213841806,0.7675666453159508,0.7677759057604041,0.6986786014616977,0.7238507541423846,0.7246377506012047
0.7249764257701848,0.8357172172530409,1.0,0.5392472184648403,0.8029649486841944,0.5196754883032647,0.21018428606332237,0.546951167700321,0.8329784323000765,0.5470670562240469,NaN,0.8463361275611601,0.7931597724477488,0.8422145047133353,0.8719009134093677,0.7684307521161073,0.5004233499122036,0.5879883934934881,0.5707573845958521,0.5129095814989213,0.816508939666576,0.852090991488428,0.5671269493504731,0.6379573348486185,0.7283174848139087,0.6710587368714498,0.6856589486708972,0.6750766079302543,0.5932461885577527,0.48578253693856377,0.7449441666477438,0.7468073117487105,0.7685243892267627,0.7542326102561333,0.6496925936568889,0.2823578515898624,0.48994852999299704,0.6696968224125385,0.7235317718131351,0.8424321524971545,0.995400952514143,0.545712489872233,0.8018220434100441,0.5121844936175183,0.21268569695699135,0.5576847878028802,0.8416012102902213,0.544037219990513,NaN,0.8426358384141851,0.780442449842553,0.8390423491092918,0.8731657608636608,0.7651012448193597,0.5115528930399573,0.5892373421568203,0.5777865720546187,0.5149297059599969,0.8110249423429408,0.8591225984528464,0.5788012528295601,0.637306516243789,0.7222664816915517,0.6672473998640093,0.6812368344008941,0.6713102942202432,0.6004855881693174,0.48337525339155524,0.739741325586507,0.7728870215257204,0.7572018620050567,0.7456560422030843,0.6567414003979175,0.27941804730396547,0.49424358344039954,0.6739563213141259,0.7078472439599546,0.7067665950179772,0.7281420081557108,0.7389092922920385,0.7390767255413311
0.6818180479979379,0.5975934957979802,0.5392472184648403,1.0,0.46563897655644587,0.6398128090156818,0.19580287371257124,0.5437987782849488,0.6000038148872574,0.21551657894860626,NaN,0.5990402834542299,0.5772585659913079,0.5463127297759756,0.579445992010477,0.5727469113354852,0.24667285673245498,0.5246592060198013,0.6286819588461451,0.6233942266436381,0.556023197786691,0.6042815675930475,0.41087442892995507,0.6484267820731032,0.6550407796103632,0.5225104823654589,0.4389297913647954,0.5635843592960778,0.5797801305871279,0.5911167015086508,0.5542012679602848,0.49278598417435315,0.635064779327619,0.5102036712167595,0.6158202980282345,0.34590826802590524,0.5250632493187825,0.6806708087461881,0.6792547070432957,0.5946370884518973,0.5291274206902734,0.9971085134620389,0.4700125217913302,0.6442100494450533,0.18550149842191838,0.5353959027940994,0.5926611324768198,0.21939541854219557,NaN,0.5926557522834904,0.5525674804750718,0.5376727275891042,0.5787783330505304,0.5579141886021782,0.23913369751272676,0.5200110492802499,0.624052568891267,0.624054309146613,0.5555882748138313,0.6011689087394568,0.429871008196316,0.6445865317854074,0.6514443625831362,0.5272901990581107,0.4334548278978513,0.5502741985539025,0.5871235893165164,0.5867630467640816,0.5518814362914478,0.48794977465609096,0.6133499558736516,0.5092257098924886,0.6234708349932508,0.3449392528426842,0.5164182425030427,0.6839817211711415,0.6991350731705743,0.6984077888099302,0.61338727929894,0.648790052032777,0.6484178546556048
0.7406108831662878,0.7131145143012205,0.8029649486841944,0.46563897655644587,1.0,0.432123953217466,0.11615542014879346,0.49888753805039543,0.8768715835565052,0.691107498929619,NaN,0.7038048605773496,0.7968211675165957,0.8545145409221763,0.8019680269587449,0.63918159334365,0.33835168652491365,0.47843670985082887,0.38586323704279996,0.4467313071269071,0.8083555403657546,0.7874817973744261,0.6133157155667412,0.6858626247577201,0.676427946152833,0.5923802580227511,0.7983862102551231,0.6329975205622482,0.6341284652558641,0.3397495225382076,0.6545540325437853,0.5945897456645742,0.612752800182224,0.8744576644457894,0.5021557874325,0.22868513545856664,0.6032338951258257,0.556906018811336,0.7400791382084032,0.7106196929249792,0.7941902655193442,0.4658064189465745,0.9957469027726212,0.4237673151045535,0.11575716459187185,0.5131653626815252,0.8745763928772612,0.6847354464104021,NaN,0.7012377298179072,0.7887922506055821,0.8456512177097218,0.7976854422767385,0.6330510584950721,0.3530409273822176,0.47796557640488957,0.38777539841195235,0.44591632594385683,0.8014302966701309,0.7838348291007868,0.6268405183388951,0.6880451206592864,0.6702616357447362,0.5923882937300166,0.7960672237903689,0.6260084697840902,0.6470343063498606,0.334990234326944,0.6542471023956138,0.5965549073502543,0.6018471480669585,0.8688856866508545,0.5126037805620283,0.22422357686080815,0.6091032459465252,0.5669471305561672,0.7145793637661566,0.7144486274919312,0.8279441362260185,0.8173896823599914,0.8173155031759278
0.5147855293154968,0.6015178026021935,0.5196754883032647,0.6398128090156818,0.432123953217466,1.0,0.20403201696764572,0.5109378360838597,0.5998677777908032,0.15539563570246528,NaN,0.5519225493566802,0.4542866449161897,0.5087038207518808,0.602953612457038,0.6123515722759258,0.47209891088534883,0.478721191701251,0.4989090063065371,0.4925130549332097,0.5322431473602068,0.5914849036771482,0.3941799550424105,0.5369028004196759,0.5397015708478275,0.4338631979126008,0.46108874590038407,0.5379337690546089,0.37893374627901544,0.4765900680948123,0.5035989406632184,0.502660496746705,0.6113201398929753,0.44602537993547997,0.5356046903665903,0.45765333916000817,0.5983741938430743,0.6655518200976709,0.5093378513633466,0.5983595583471057,0.5062752466650322,0.6295518637231301,0.43200853441361936,0.9883320272674634,0.20187439786378522,0.5133214101098976,0.5896923272509904,0.15329149760884062,NaN,0.5432373393443799,0.4328448298684891,0.4981047624265585,0.5954578621720111,0.6132841543088341,0.4816090247552796,0.457542067660064,0.49127588522182186,0.4926362205438012,0.5268878268561544,0.5864834673559413,0.41075297277274747,0.5363361104122327,0.5295165198282519,0.44033840605417107,0.4518598626613971,0.5212143014965192,0.3929308100161863,0.46874846977451384,0.5050130642283107,0.5237945886077724,0.595904030262339,0.44139223322084475,0.533835973612701,0.45466170367757147,0.5989421769476634,0.6606354937770399,0.5813168310438801,0.5803936604748272,0.5022437104342657,0.5112814793610938,0.5111240723991458
0.19920849352216916,0.16633285608921794,0.21018428606332237,0.19580287371257124,0.11615542014879346,0.20403201696764572,1.0,0.08338818529693717,0.2524169425993727,-0.11699659618294223,NaN,0.2189262262478874,0.17868381364128763,0.22036877858206233,0.19213683274953947,0.09603342787125738,0.5830592648221641,0.15050191057840404,0.015087716462731136,0.1290641299082107,0.15460334630376152,0.21054270524674235,-0.015916631940102656,0.2993446597778163,0.20014889770485692,0.11423851450495626,0.22500719808947411,0.13583649552924365,0.24196134422201193,0.38612616664421706,0.2394927749214853,0.15657570197835702,0.3125327119723575,0.1701897152933669,0.2535482891336698,0.005131968862131465,0.3634621462909253,0.38123365795383973,0.19151153766129347,0.16902975449794683,0.19906326584163428,0.20675638100528748,0.13118087243117485,0.21732816308341962,0.9986702787460723,0.0915467888137858,0.24980564822253162,-0.09718596124291179,NaN,0.22155068162501437,0.18678681256357887,0.21486786364496677,0.2028628432496644,0.09054197571582044,0.551679022993724,0.14061781574244597,0.01404401340934239,0.12762981333696416,0.16645641614394777,0.2044511041443624,-0.0013342815203069632,0.29493158504000844,0.19939029313091947,0.11177539281082044,0.2263242012307753,0.1284301323265831,0.2377306803480799,0.3909903272510649,0.23382686139502262,0.159452309128222,0.3184496510496115,0.16978893853770408,0.26140152619364343,0.0141725529497299,0.3495722446526442,0.38964523519712446,0.4009593776114463,0.39988167703971667,0.28863924793234885,0.32081274678529526,0.3200033962177924
0.5771717986510535,0.6551028300899548,0.546951167700321,0.5437987782849488,0.49888753805039543,0.5109378360838597,0.08338818529693717,1.0,0.5794975329259009,0.2962762881562513,NaN,0.6316467351022221,0.5236569410304001,0.5316779409348729,0.6544062123869643,0.49461986439490874,0.39174227597067657,0.47142010173395066,0.5139541243002694,0.4508280664342104,0.5126921321889877,0.6491854028695893,0.3540114155965314,0.5043981930705863,0.5228445771954936,0.5539223280217522,0.3716889913239563,0.6516846094124804,0.4238468316529038,0.5746066781322123,0.5307704210527543,0.5055198764058535,0.6090794024367562,0.414411133226572,0.3497689974383523,0.21592701249497678,0.4881008076078809,0.5229770203314276,0.5722435255298022,0.6576051313356169,0.5554058344292576,0.5436638940795389,0.5144356746704083,0.5254592551817667,0.08621455943554295,0.9837733459342862,0.5902800095866653,0.3053318646616318,NaN,0.6245022296932605,0.5174471151679289,0.5350850178879325,0.6602956400243604,0.49894889449349344,0.40522439587783127,0.47270944698480866,0.5183980179027968,0.4537024133595614,0.5086882336510781,0.6591423020041649,0.3753513719287,0.49691075992433403,0.5294868724773837,0.562885828089691,0.36784145940669966,0.6543655074148964,0.43214659517802606,0.5763736114915428,0.5316896619781003,0.5390123746103569,0.6083132712503817,0.42016338079284277,0.3608785103781593,0.21787568622178058,0.4959988471413716,0.5286934648110775,0.5483666416450605,0.5482925005437679,0.5133798331345133,0.5345627445176194,0.5358846589102257
0.7852638331784123,0.8466172422460304,0.8329784323000765,0.6000038148872574,0.8768715835565052,0.5998677777908032,0.2524169425993727,0.5794975329259009,1.0,0.5572311878366083,NaN,0.8426952493742158,0.8570737834332207,0.9042792649250275,0.8582074986736936,0.7339099792113625,0.4534153871912783,0.6008093394460597,0.5098883417264571,0.48653996843159825,0.886243353419967,0.9028283291204658,0.6508613412135476,0.7351597261934322,0.7530175698916163,0.6789298840978004,0.8431358202994861,0.6725455428637702,0.623709786025986,0.48523943554511223,0.7674819829609403,0.6691395006187815,0.6867865838858214,0.872845231589473,0.5867703411403824,0.24259400091889324,0.6725487230252422,0.7026925503155632,0.7808759761021891,0.8533269230297293,0.8233087016560227,0.6018373077974101,0.8765819096924032,0.5939455654170036,0.2556801194897133,0.6011035068674807,0.9943516679649506,0.559422242208713,NaN,0.8398075614676874,0.8505189485432534,0.8958629862485015,0.8576981888370699,0.7330763991267055,0.4645369112794954,0.5995621694452249,0.5144071238330146,0.4864780924817039,0.8821992441074069,0.8976562135964131,0.6718917470162845,0.7401157632196143,0.7452321610355632,0.6848737935063374,0.8356807898325229,0.6524963579090228,0.6444422382816579,0.4841735172048868,0.7662403862947236,0.6744889996055113,0.6683936921511953,0.8701066054182279,0.5918969436456545,0.24324745236866843,0.6825012620759237,0.7112788858054433,0.8268889616725579,0.8267311779957318,0.8730065300236507,0.8798134813764543,0.879567860202989
0.5237482721382853,0.4287018311050372,0.5470670562240469,0.21551657894860626,0.691107498929619,0.15539563570246528,-0.11699659618294223,0.2962762881562513,0.5572311878366083,1.0,NaN,0.4095206621951212,0.6060919297250617,0.6041374096649033,0.5069323528677273,0.4019832548962037,0.056893251318129626,0.29704023735553853,0.28702323360845194,0.39224888031368893,0.5912574315368279,0.42799793052739227,0.43539259898589827,0.48221676615746595,0.41198838949453437,0.6037055863790525,0.6535808106214082,0.4408220116227841,0.463931305214018,0.1672997692054089,0.4581514420766398,0.44158451166992857,0.3117484803298357,0.6614892847670398,0.2810918646300343,0.3158008220318224,0.5104465850999936,0.22614787295899236,0.5312656177014725,0.4286762819732521,0.5429419923934149,0.22667724090085783,0.688999719452763,0.15103238397403657,-0.117968960024201,0.30686301443913455,0.5541988534756714,0.9975648855295035,NaN,0.4067062110952479,0.6063726239144687,0.601820822572243,0.4995161394932031,0.39833062184417206,0.08632868194480615,0.30360518018609656,0.2902213209391127,0.3908353144299143,0.5940175012987204,0.4283479440241291,0.46032742317372843,0.4902074932690994,0.40795977068781913,0.605018402741946,0.6506820801007601,0.4385259243943035,0.501773472068085,0.1711352483116225,0.4581951884453415,0.4427041346508314,0.3026285989540651,0.6562767167453077,0.28695499174535755,0.31104586254454886,0.5082033074201904,0.2390358078875738,0.472687460858949,0.4745029676123418,0.6712558864892472,0.6531726729770841,0.6531845825115563
NaN,NaN,NaN,NaN,NaN,NaN,NaN,NaN,NaN,NaN,NaN,NaN,NaN,NaN,NaN,NaN,NaN,NaN,NaN,NaN,NaN,NaN,NaN,NaN,NaN,NaN,NaN,NaN,NaN,NaN,NaN,NaN,NaN,NaN,NaN,NaN,NaN,NaN,NaN,NaN,NaN,NaN,NaN,NaN,NaN,NaN,NaN,NaN,NaN,NaN,NaN,NaN,NaN,NaN,NaN,NaN,NaN,NaN,NaN,NaN,NaN,NaN,NaN,NaN,NaN,NaN,NaN,NaN,NaN,NaN,NaN,NaN,NaN,NaN,NaN,NaN,NaN,NaN,NaN,NaN,NaN
0.6911744652899132,0.8703319321036352,0.8463361275611601,0.5990402834542299,0.7038048605773496,0.5519225493566802,0.2189262262478874,0.6316467351022221,0.8426952493742158,0.4095206621951212,NaN,1.0,0.7397118273049814,0.8302529846975233,0.838940982158455,0.7424281912874615,0.46690995244138306,0.5941979116226023,0.5701236351630271,0.4247154804494562,0.8306005564464397,0.9302058280679212,0.5994498253708838,0.6324929026611656,0.7133366555416938,0.6207830732665859,0.6585504606740012,0.6761597037161617,0.5241474581538065,0.5613894362604948,0.6842060531366335,0.7276676104629846,0.7238030692387123,0.6803830654135369,0.6181119110205553,0.2120056977618398,0.49418554370403817,0.6171814183678125,0.6829649002018476,0.8728653822332959,0.8329889863532857,0.5957173949487731,0.7094226983602229,0.5384406362768089,0.22393566965894068,0.6367627521357397,0.8349100527273978,0.41877878255755013,NaN,0.9985066296395528,0.7331359600958286,0.8229981147283553,0.8360826957129539,0.7476418947635659,0.4720753522516902,0.5931719350969504,0.5740945723668327,0.4259482266449057,0.825553211502758,0.929598395807977,0.6224442739557692,0.6344211537602784,0.7059387812603549,0.6311285625404847,0.6511520145567471,0.6487756741188881,0.5375830314964645,0.561301831906477,0.6809167740866215,0.7339506905558371,0.697334158272094,0.6709212897599838,0.6293320188356029,0.2142990809499594,0.5048449062367516,0.6297461594195775,0.7232548496016736,0.7233462722061956,0.6698267577807736,0.6996641103695682,0.6996539984117996
0.7901314700011152,0.8360212663721126,0.7931597724477488,0.5772585659913079,0.7968211675165957,0.4542866449161897,0.17868381364128763,0.5236569410304001,0.8570737834332207,0.6060919297250617,NaN,0.7397118273049814,1.0,0.8245621118450349,0.819421480059712,0.6478931084005037,0.39679636059412976,0.5538305902842225,0.510971782242665,0.5577214368937469,0.7928176763184175,0.7830485261658184,0.49706140239724267,0.6144852838083844,0.64648982618927,0.676993589855621,0.7324678175525947,0.7073579268907841,0.6221444289897708,0.41422853798968295,0.6594084197845096,0.6917389129401462,0.6828567991621806,0.8619148300848278,0.5350649013990681,0.32628623297973697,0.5817663129333571,0.6318335279179341,0.7948639723948913,0.8396752138421603,0.7846019083339039,0.5790678677942809,0.7933081152418706,0.45122833824877595,0.1773013769450829,0.5367375223512544,0.8539441608060445,0.6117102911488977,NaN,0.7356403737025203,0.9908982612876561,0.8170729051308744,0.8168277703258452,0.6392592459170292,0.4105453380059153,0.5592780377021668,0.5188610806381448,0.5583463226655169,0.790763276709447,0.780924014015771,0.5261671875117793,0.6217217216961924,0.6391575555084431,0.6882913847819635,0.7228259613736541,0.7016254833235894,0.6516733389956776,0.4165609731709658,0.6516568518481979,0.6923145213310548,0.6589772759085352,0.8563293563631035,0.5388574893211737,0.32392758253059223,0.5794624039200972,0.642251006070298,0.730959925179568,0.7320046671876931,0.777638667910117,0.7846188682496955,0.785096528374418
0.7589388252373757,0.8139836669551456,0.8422145047133353,0.5463127297759756,0.8545145409221763,0.5087038207518808,0.22036877858206233,0.5316779409348729,0.9042792649250275,0.6041374096649033,NaN,0.8302529846975233,0.8245621118450349,1.0,0.8498342538107813,0.7211099755613223,0.45957454955511545,0.6041754885487589,0.5698531381541306,0.4991517836946924,0.8580140121980842,0.8838745393598413,0.6113439999005393,0.6402737076989318,0.7346229187341555,0.6489364122438886,0.8250645408607881,0.6367613827440786,0.5720857914468672,0.47619334245959705,0.7370100851068543,0.6669516292651754,0.6993984802865892,0.8613572115092233,0.5757107711572598,0.24396210591548637,0.5894753816444069,0.6096176286126566,0.7582813995627707,0.8265752053632801,0.8346988981216017,0.5535802467535842,0.8613946527741403,0.5027885421030867,0.22412040732909672,0.5567728954103714,0.9080211354839912,0.6080906317395784,NaN,0.8271169814435715,0.8251636064396272,0.997695535067423,0.8495953098425001,0.7199136971330224,0.4778349300910296,0.6132052362841144,0.5778676542312671,0.49891275005245633,0.8572938036378053,0.8876959951714049,0.6345364431158323,0.6418190473249505,0.7307173784358879,0.6573144678878776,0.8216370196945788,0.6278535819910662,0.5988363749808837,0.48040536363922604,0.7361837253543129,0.6893776495050895,0.6902577394763771,0.8560846788724529,0.5882243593109049,0.24414474706717385,0.5931790190759924,0.6233594269701541,0.7705276123786546,0.7706778049473646,0.8025105298291405,0.8094942542835847,0.8096219036501231
0.7950845779065,0.8957770551874186,0.8719009134093677,0.579445992010477,0.8019680269587449,0.602953612457038,0.19213683274953947,0.6544062123869643,0.8582074986736936,0.5069323528677273,NaN,0.838940982158455,0.819421480059712,0.8498342538107813,1.0,0.7373064004031014,0.5011779666251152,0.6585369061965053,0.6146498372188157,0.5494157515126715,0.8045320754773846,0.8683312056053537,0.5991800155194439,0.6509912523030393,0.7188477185885136,0.7001035746319323,0.6969290405598303,0.7944233415344477,0.654427045831459,0.529107874753423,0.7103185273595183,0.7492826172342013,0.8224136547909984,0.772017905765273,0.6224286080979575,0.38040009504087036,0.5835635454375514,0.7050002237718154,0.7934597489006989,0.8982134120945348,0.8641848170994328,0.5779486485394572,0.802344292245751,0.5993665595191459,0.19387230591199647,0.6519317318876585,0.8587181381245084,0.5140388262675336,NaN,0.8320149724951845,0.8146079511006318,0.8443991571161422,0.9984001024822531,0.7371629642189306,0.516224404210717,0.6564521695982293,0.6197863919413095,0.5510002838538783,0.8009804832363824,0.8664286769258258,0.6253743317787683,0.6533788235097923,0.70970469072769,0.707935519001441,0.6900744917751015,0.7814521462926793,0.6683311673630089,0.5307967290509579,0.705590736297908,0.7588159664973302,0.8043035617421078,0.762579098259332,0.6313965193968621,0.3781357855425842,0.5885442491787041,0.7141411113148338,0.7578053399303067,0.7577905101294766,0.7224504393353437,0.744721022000261,0.7453565326425565
0.6117226667973603,0.7637911316562717,0.7684307521161073,0.5727469113354852,0.63918159334365,0.6123515722759258,0.09603342787125738,0.49461986439490874,0.7339099792113625,0.4019832548962037,NaN,0.7424281912874615,0.6478931084005037,0.7211099755613223,0.7373064004031014,1.0,0.2922210258165633,0.6531610694228438,0.5227028418484952,0.5047220837877331,0.771350670409562,0.776756228377784,0.660754440981507,0.6147751626940591,0.5446090860601017,0.6590120125026411,0.5865764261738718,0.6556450880506179,0.48332444276282543,0.4425341426725911,0.671304580427412,0.6435247490434094,0.6287754947258379,0.5769927271641546,0.6343962635501555,0.3760791230170569,0.49455740088830197,0.55098831800172,0.6207882143058783,0.7643117288322279,0.7538211137279203,0.5763862228194478,0.6386818069474729,0.5921755530295514,0.09591185498568257,0.5044259187417443,0.7249863576677881,0.4092754174220724,NaN,0.7368147906160253,0.6544547744026151,0.7126119243242285,0.7387348744110699,0.9970567297072009,0.3091707214228279,0.6425100269847684,0.5373821931716838,0.5055610420742488,0.7720606930008709,0.7752067113744096,0.6856860665075852,0.6152628169693941,0.5344921605102654,0.6722521800345796,0.5813388638430088,0.6376154745859935,0.5208833367216293,0.44282461240389936,0.6678423663789802,0.6544764261442088,0.6118756832586618,0.5737453138750273,0.6424543458353097,0.37794206130139635,0.49826152090467973,0.5662737956027968,0.6295748993975586,0.6300988427285762,0.6133365490993586,0.6226372257497848,0.6234202667261758
0.3422511213015374,0.48597561323926675,0.5004233499122036,0.24667285673245498,0.33835168652491365,0.47209891088534883,0.5830592648221641,0.39174227597067657,0.4534153871912783,0.056893251318129626,NaN,0.46690995244138306,0.39679636059412976,0.45957454955511545,0.5011779666251152,0.2922210258165633,1.0,0.42311127009102883,0.31845438809410254,0.30073369119800103,0.3539570741933398,0.47530458334761944,0.1609776006213223,0.45613338610110726,0.34476020505807053,0.3452736145887161,0.4439925738620769,0.32758749328675757,0.2092200265270959,0.5313150309201673,0.46757832213634487,0.42738966186713023,0.618727454913859,0.30758692131111826,0.35506562369070116,0.10680255964457924,0.5338886124434818,0.5809283926453593,0.3352318378588727,0.485977993459816,0.4878132028424586,0.23743427432224357,0.3479627472183992,0.48121473023420547,0.5884814701877104,0.39362289219753915,0.4521379328333912,0.05839156615736355,NaN,0.4711797889954595,0.3998902984896037,0.45165799968855247,0.4989795019395965,0.29533388810520445,0.9943491903149297,0.41006272613415995,0.3164006913084318,0.3006498141117297,0.35523122688092523,0.47298719575221726,0.17499869205921006,0.45317865282835607,0.3345999328600941,0.34148064380572907,0.44035688769377374,0.3121190108893046,0.22053310036947021,0.5238190542740693,0.4586233954316641,0.44321689955544585,0.6046352760580842,0.30447527480625913,0.3532948919941188,0.10684028542339566,0.5366599571013706,0.5832854048189274,0.4592034076314433,0.4568026334931567,0.385256419737578,0.39903331706023937,0.39815779496275094
0.5644240085706931,0.7406445911919876,0.5879883934934881,0.5246592060198013,0.47843670985082887,0.478721191701251,0.15050191057840404,0.47142010173395066,0.6008093394460597,0.29704023735553853,NaN,0.5941979116226023,0.5538305902842225,0.6041754885487589,0.6585369061965053,0.6531610694228438,0.42311127009102883,1.0,0.56146744210189,0.6128883099378535,0.5556760745835575,0.6297505373901119,0.5316494969842862,0.46328698985291056,0.40022352032260283,0.5973269237669366,0.5540584770060473,0.5218044606787319,0.3940811002583752,0.46954143447129393,0.6987305428405788,0.5696451459616727,0.6436798832163404,0.46692452856707334,0.4450187766082534,0.37598111934619466,0.5035589385953794,0.49089596294157395,0.5809251121793211,0.7399164377743012,0.5790188665184285,0.5301460457340127,0.49178411969631425,0.4770218524645044,0.14390301325829202,0.46086864461088656,0.6115859199051031,0.30724870618191075,NaN,0.5828272341533292,0.5638289938068943,0.6019636179021913,0.6588812252872907,0.6520053684413495,0.4183210466196097,0.99457876826427,0.5697719757080921,0.6134884916242821,0.5584325895464667,0.626837396415979,0.5563037447206443,0.46504237713896723,0.3912835980240246,0.6075348785222555,0.5499991539478336,0.5075959382443259,0.41819771912047166,0.4721937383889569,0.6874158049214907,0.5925891210227476,0.6231886256541251,0.4627485164891806,0.459414639060851,0.37826965572695637,0.4997063279319177,0.5023167588341241,0.586146457475853,0.5855266067749536,0.5535824281409017,0.5681799198636125,0.5685796486929731
0.6766537862309345,0.6020553544873158,0.5707573845958521,0.6286819588461451,0.38586323704279996,0.4989090063065371,0.015087716462731136,0.5139541243002694,0.5098883417264571,0.28702323360845194,NaN,0.5701236351630271,0.510971782242665,0.5698531381541306,0.6146498372188157,0.5227028418484952,0.31845438809410254,0.56146744210189,1.0,0.6904577776911118,0.49674191134989903,0.5643698421941851,0.4918740810131444,0.48871860695350966,0.5531236010229464,0.650836271656308,0.42104307764264687,0.5537890879944467,0.493574781856026,0.5957775373630005,0.4987594691320523,0.4577168528667304,0.6097846308630868,0.43294559973038177,0.6700169847166173,0.3813487979205146,0.4795391961670749,0.6144405733923765,0.6756106718923364,0.6054457603448172,0.5700472218739038,0.625644755529784,0.3953128259893645,0.4872877863278048,0.008870453013319183,0.4971196205002401,0.5205879848884011,0.2940658018593444,NaN,0.5591879919834734,0.4923961404588066,0.571648584295704,0.6090064030887405,0.5182787205346858,0.32768681700819713,0.5609678795028487,0.9977138617910966,0.6908900185061658,0.49555879946702214,0.5734779847503584,0.5146197766685765,0.48882145567316665,0.547582970380133,0.6520237144442814,0.40923441993407145,0.5602004369169665,0.5095304209532407,0.596454609740962,0.4922268826576495,0.4755201495923637,0.5820938165543181,0.4289170794866294,0.6761623575758181,0.38080886882962206,0.47039905360739,0.6091978140987354,0.5775044077160231,0.5772109665776002,0.5032160870669281,0.5343381717287535,0.5351693685141621
0.707943836481181,0.5911524813206707,0.5129095814989213,0.6233942266436381,0.4467313071269071,0.4925130549332097,0.1290641299082107,0.4508280664342104,0.48653996843159825,0.39224888031368893,NaN,0.4247154804494562,0.5577214368937469,0.4991517836946924,0.5494157515126715,0.5047220837877331,0.30073369119800103,0.6128883099378535,0.6904577776911118,1.0,0.48211165653974264,0.4939283620244235,0.4803334841287411,0.457799243960485,0.5346575036814469,0.6184562697754887,0.50358230689237,0.5453269819177753,0.5902450845239047,0.6511103924890779,0.4555939542059655,0.4212013607483758,0.6431906053343887,0.5136303895195424,0.5415599397145096,0.3845162882634611,0.5947614469294602,0.6176742930041498,0.71184505398374,0.577311063402016,0.5051104474305926,0.6208110387060006,0.4481194770133292,0.4972279928672563,0.11574518862252238,0.4268602494006294,0.48266719902325106,0.4045758662751408,NaN,0.4118804413692455,0.5446260607904888,0.49008986968072926,0.5447693104043728,0.48091673864741136,0.28871454578735695,0.603384730415544,0.6835910487177363,0.9999012203812055,0.48652138654162874,0.49228977130189455,0.4968337483124104,0.4592893096862143,0.5303245495083387,0.6070814493430612,0.4964890193021942,0.5477747671867911,0.5976520029573577,0.6493174044620575,0.43863423412963404,0.4300381694749536,0.6270640146864112,0.5099427304676092,0.5461227721606691,0.3812821206963375,0.5771844321118703,0.6078948027272071,0.6570210005639715,0.6565255283819911,0.6113372444783263,0.633350851339067,0.6337330524160464
0.7327203439814092,0.8051492700349976,0.816508939666576,0.556023197786691,0.8083555403657546,0.5322431473602068,0.15460334630376152,0.5126921321889877,0.886243353419967,0.5912574315368279,NaN,0.8306005564464397,0.7928176763184175,0.8580140121980842,0.8045320754773846,0.771350670409562,0.3539570741933398,0.5556760745835575,0.49674191134989903,0.48211165653974264,1.0,0.8629580441779652,0.5860784986471719,0.6909359078784303,0.6811142207628816,0.6781910057798778,0.7507066582430645,0.5819444666371109,0.6103548182972254,0.5036169196807252,0.589304582967063,0.6182127635311748,0.6352146552599574,0.8006381285720416,0.5658775735040306,0.23104868758673178,0.5670215837627899,0.5823362428004158,0.7350372023154945,0.8108567435910389,0.8098991568964512,0.5603227713762392,0.815684163195302,0.5248942426180461,0.1559273951065641,0.5406853171436912,0.8805176461773632,0.5998091533367976,NaN,0.8250879745211358,0.7988483213115513,0.849941646896824,0.8000514102413753,0.7669766888357396,0.37840300734409676,0.5497177068890499,0.506653279453812,0.4819338248359831,0.9990833988892456,0.8614483944437332,0.6186964671475148,0.6943802026433471,0.674826676922479,0.6937487947241884,0.743588875709047,0.5589968429965588,0.6456645062136466,0.5078840415877686,0.5833851783998566,0.6250354197079331,0.6133047057547224,0.7980560634373068,0.5726089922597771,0.23382244115869513,0.5661558484969247,0.5996632650189321,0.7374023091666742,0.7383085916060078,0.7536550525699018,0.7656934905424265,0.7663971168100773
0.7361763893280691,0.8744033368490944,0.852090991488428,0.6042815675930475,0.7874817973744261,0.5914849036771482,0.21054270524674235,0.6491854028695893,0.9028283291204658,0.42799793052739227,NaN,0.9302058280679212,0.7830485261658184,0.8838745393598413,0.8683312056053537,0.776756228377784,0.47530458334761944,0.6297505373901119,0.5643698421941851,0.4939283620244235,0.8629580441779652,1.0,0.597666795048375,0.6073014448092307,0.7543731878126478,0.6938214068537362,0.7271983200174814,0.6881893248320643,0.5508109314298487,0.5309178571465181,0.7560589689505955,0.742048856590282,0.7209596540669876,0.7595419583421928,0.5791519771476996,0.261562566756638,0.5509900500614725,0.6803508043320222,0.7323711839068147,0.8791771774047296,0.8395620290146402,0.6028691247145763,0.7964245617583015,0.5831881752853727,0.2121394576623495,0.6647940907914432,0.8959144051787208,0.4360044736806592,NaN,0.925325971928725,0.7769481421077582,0.8744740943818889,0.8701594175804448,0.7765130384127039,0.48772338063809406,0.6223808667903686,0.5715505392424401,0.49477548686653094,0.8599495748076811,0.9960860885419442,0.623521099659543,0.6148145813084317,0.7473129258476792,0.7059593191304672,0.721344043693886,0.6654542088374831,0.5739713868980756,0.52993021667261,0.7522965936389091,0.7484673537118784,0.7019336305849649,0.756839591298375,0.5925685834822889,0.26500696466524715,0.5609937669281222,0.69441860605574,0.7588487255735458,0.7591096844867111,0.7387446522318011,0.7576868669586199,0.7580696581186077
0.6024996517428732,0.5801252816430398,0.5671269493504731,0.41087442892995507,0.6133157155667412,0.3941799550424105,-0.015916631940102656,0.3540114155965314,0.6508613412135476,0.43539259898589827,NaN,0.5994498253708838,0.49706140239724267,0.6113439999005393,0.5991800155194439,0.660754440981507,0.1609776006213223,0.5316494969842862,0.4918740810131444,0.4803334841287411,0.5860784986471719,0.597666795048375,1.0,0.5760834575495927,0.5026301737541117,0.6093821291321733,0.6078480271820568,0.5926802824649763,0.5581971711316611,0.4132802237776492,0.5460068972382203,0.5139507960059975,0.43229435703164504,0.508775609468915,0.50527574900261,0.2685016261051853,0.4647205880886162,0.4142277287215663,0.5928386659659662,0.5742961836319156,0.5504987122770422,0.39977080916288193,0.6108105792276373,0.3854050385778841,-0.015729576883609528,0.34932352585166254,0.643575700900152,0.4282922105723019,NaN,0.6003117025332593,0.495571201551534,0.6034286143899199,0.5900299316071624,0.6602624666555433,0.15106265040213004,0.5194343378056788,0.4943837160979667,0.4782859680080292,0.5783644808721788,0.5955225989201364,0.9952782844597595,0.5775759827564485,0.4981154199788417,0.5934692266440127,0.6029690377092474,0.5762092703317501,0.5532592774751083,0.40838158959792314,0.5421967390974787,0.5112006420338993,0.4141311264421437,0.5045171145213253,0.509163632069535,0.26512684748173704,0.4677954330887452,0.41282870731931154,0.6125114922877177,0.6111526995957982,0.638490936579403,0.6421905344623254,0.6411115751006273
0.679422776527574,0.6211432992267,0.6379573348486185,0.6484267820731032,0.6858626247577201,0.5369028004196759,0.2993446597778163,0.5043981930705863,0.7351597261934322,0.48221676615746595,NaN,0.6324929026611656,0.6144852838083844,0.6402737076989318,0.6509912523030393,0.6147751626940591,0.45613338610110726,0.46328698985291056,0.48871860695350966,0.457799243960485,0.6909359078784303,0.6073014448092307,0.5760834575495927,1.0,0.5989728808857228,0.5785065614473537,0.6655135497240626,0.6066120433894541,0.5859324651754165,0.5020945111289034,0.5928096763552738,0.46926251200649266,0.5769182416942186,0.6800753203268685,0.49317046759231065,0.27188711721840736,0.7658229538425914,0.6230124537680367,0.677973744273665,0.6114924180274469,0.6339119257584754,0.6466025426014688,0.6922421506424037,0.54727336865398,0.2946695150747101,0.5006648426591389,0.7300877194436539,0.4811565934123643,NaN,0.6300496917729493,0.6105164944052599,0.6315473254624936,0.6478605917361605,0.6021441452607761,0.4648085389136552,0.450685932918213,0.4844724017485636,0.4544008220678079,0.6905712746931563,0.6086342079015977,0.5918530791572634,0.9983884343603507,0.5923048709253789,0.576102321135367,0.6621418326751933,0.5957704885014975,0.6031978599578028,0.4985342769386822,0.5939795130964957,0.4660757868124889,0.5695008578578911,0.6809052084626223,0.5045143353979241,0.27228079667961463,0.7615365751766512,0.6355745164187243,0.7780838388211088,0.7769147344393583,0.7690144718789332,0.7891695613053623,0.7879512074313558
0.7427428067352533,0.6715959699120456,0.7283174848139087,0.6550407796103632,0.676427946152833,0.5397015708478275,0.20014889770485692,0.5228445771954936,0.7530175698916163,0.41198838949453437,NaN,0.7133366555416938,0.64648982618927,0.7346229187341555,0.7188477185885136,0.5446090860601017,0.34476020505807053,0.40022352032260283,0.5531236010229464,0.5346575036814469,0.6811142207628816,0.7543731878126478,0.5026301737541117,0.5989728808857228,1.0,0.5289099584312549,0.6599452934820081,0.5297655090307828,0.6095196315239838,0.5020644816529184,0.6399831453129293,0.6080037668313454,0.607221554109738,0.7165661330320485,0.5751457844686672,0.14083784776319574,0.4704231867261193,0.7439269319687797,0.7332764427696294,0.6830205437467648,0.7294554767489254,0.6624718785084288,0.6824669930250031,0.5435511877166702,0.2066096367562224,0.5405786658612329,0.7592690641803392,0.4072394968059395,NaN,0.7083855638272771,0.6252430532349601,0.7357679213437791,0.7194927920877516,0.5422082777547704,0.35479677801357157,0.4029080653539505,0.5485090193261117,0.5359105426534592,0.6773986199823714,0.7604026066525355,0.511041314846323,0.5982747196709362,0.9986193767011511,0.5263005603227588,0.6552972108861899,0.5200222647139622,0.6094524271855944,0.4985149814432811,0.6424635022757182,0.6420020810797875,0.6063935589408335,0.7082314550617063,0.578437844120031,0.1388642398204329,0.4776293289216048,0.7401259443460315,0.7459496564244795,0.7452473688319476,0.7345446931094768,0.753203812694928,0.7530342059995794
0.6842083218652663,0.6734772148747756,0.6710587368714498,0.5225104823654589,0.5923802580227511,0.4338631979126008,0.11423851450495626,0.5539223280217522,0.6789298840978004,0.6037055863790525,NaN,0.6207830732665859,0.676993589855621,0.6489364122438886,0.7001035746319323,0.6590120125026411,0.3452736145887161,0.5973269237669366,0.650836271656308,0.6184562697754887,0.6781910057798778,0.6938214068537362,0.6093821291321733,0.5785065614473537,0.5289099584312549,1.0,0.6298641951268005,0.6482424812554132,0.606038925745666,0.5613038084411842,0.6105286114950484,0.5841575783633904,0.6329420942009396,0.614611797413934,0.6727125383752639,0.489721221910162,0.5775684366087744,0.588294733050841,0.6896396347925149,0.6747394041177469,0.6644436637169048,0.5230473008996889,0.5847477306328638,0.4258192974243442,0.11554950277293873,0.549952587597164,0.6781680632156577,0.6148801186038528,NaN,0.6110900162797579,0.6584264275607629,0.6454589888692869,0.7000290340108296,0.6608392411120072,0.36572277482641435,0.5842318447278801,0.6534986601946332,0.6201011564232105,0.6771192429577622,0.69849005031965,0.6324041640931083,0.5831745748683973,0.5265245042799204,0.9963691394156865,0.6231120530254226,0.6322255561945624,0.6241753553892417,0.5613852657119437,0.6029987367081543,0.5919687974606628,0.6232315391551075,0.6100610010722186,0.6732128381587501,0.48829277225240275,0.577335207400419,0.5941552066437614,0.645048510173522,0.6449825410128907,0.6199510077682585,0.641692022940994,0.6423452548168689
0.7000695007915787,0.7071568590125343,0.6856589486708972,0.4389297913647954,0.7983862102551231,0.46108874590038407,0.22500719808947411,0.3716889913239563,0.8431358202994861,0.6535808106214082,NaN,0.6585504606740012,0.7324678175525947,0.8250645408607881,0.6969290405598303,0.5865764261738718,0.4439925738620769,0.5540584770060473,0.42104307764264687,0.50358230689237,0.7507066582430645,0.7271983200174814,0.6078480271820568,0.6655135497240626,0.6599452934820081,0.6298641951268005,1.0,0.4540924701234659,0.6159914024395762,0.41201449379178184,0.6747830675194875,0.5251681537266287,0.578098816601352,0.8089718103138949,0.47036339776804326,0.20416518610015497,0.7581158361813483,0.5990120182830424,0.7010041424426909,0.7010053145668447,0.6667929665447513,0.4498512388958637,0.804470376391254,0.44758181869905456,0.22534347624860926,0.40208315995333754,0.8333828381519803,0.6571566543416968,NaN,0.6587933841995233,0.733767275868192,0.8158674212677564,0.6939114204653054,0.5812197202406698,0.45210863563638287,0.5419188622231124,0.4188838625751331,0.5015362811078993,0.7520209010911051,0.7125138280034751,0.6323415309475585,0.6673671035489342,0.6506925275611609,0.6396298103888991,0.9992259510658917,0.4349103366188964,0.6413070217606761,0.41376787425925493,0.6706499113025448,0.5276383878312437,0.5730995680768174,0.8062578678725939,0.48128986748725266,0.20661529873923482,0.7611558118456753,0.6125848886461254,0.7640720577757307,0.7636749686449138,0.8212800100270033,0.8244342683476071,0.8237601467204372
0.6852422368293086,0.7566597762530723,0.6750766079302543,0.5635843592960778,0.6329975205622482,0.5379337690546089,0.13583649552924365,0.6516846094124804,0.6725455428637702,0.4408220116227841,NaN,0.6761597037161617,0.7073579268907841,0.6367613827440786,0.7944233415344477,0.6556450880506179,0.32758749328675757,0.5218044606787319,0.5537890879944467,0.5453269819177753,0.5819444666371109,0.6881893248320643,0.5926802824649763,0.6066120433894541,0.5297655090307828,0.6482424812554132,0.4540924701234659,1.0,0.5243177029170973,0.46353156858052585,0.6337135154713394,0.7371542812453499,0.6855093520591169,0.5998359439388827,0.5757111314533782,0.44604934604149654,0.5115245997392224,0.6066453559773545,0.6780627804040058,0.7516476188426744,0.6651040838643804,0.5564359526777173,0.6268887606587401,0.5358835783366057,0.13416733440233194,0.6449029324971902,0.6648110810844187,0.43979671773485246,NaN,0.6738335566021151,0.6858637094616485,0.6283178804553315,0.7858186972061177,0.6518104162157551,0.3338884983531347,0.5127844987007962,0.5623536845745831,0.5440760336750285,0.5774640845639446,0.686635483953025,0.6080089754999254,0.6114888083540774,0.5221987541665929,0.6467980005556263,0.445615362976241,0.993748118896343,0.5360605834145948,0.4552275695803263,0.6263361596439361,0.7402028501882895,0.6620473856258965,0.5971032675035154,0.5796271153349755,0.440714263468776,0.5075543638345311,0.615043710463157,0.666716101611417,0.6686153739582422,0.6558887681797341,0.6726012185920353,0.6737355757223494
0.7984914637477063,0.5627147534546931,0.5932461885577527,0.5797801305871279,0.6341284652558641,0.37893374627901544,0.24196134422201193,0.4238468316529038,0.623709786025986,0.463931305214018,NaN,0.5241474581538065,0.6221444289897708,0.5720857914468672,0.654427045831459,0.48332444276282543,0.2092200265270959,0.3940811002583752,0.493574781856026,0.5902450845239047,0.6103548182972254,0.5508109314298487,0.5581971711316611,0.5859324651754165,0.6095196315239838,0.606038925745666,0.6159914024395762,0.5243177029170973,1.0,0.5409453012587407,0.39379646104475435,0.41543287275265406,0.6499419954311823,0.6263596471500162,0.5836694554357025,0.21929668688267343,0.5714784380107588,0.5769467930395156,0.7980916508261747,0.5599758617638664,0.5920771935159885,0.5842095237153168,0.6388359306431246,0.3967699517414648,0.23304574221819116,0.4302762093246678,0.6323126550246808,0.4671427923803695,NaN,0.517989321242723,0.6068013051247536,0.5734392500122311,0.6541281992655112,0.46119154241435273,0.20924420245940975,0.38785715574710944,0.4854807550596955,0.5909854677194898,0.6096453491895242,0.5551426722066206,0.5711838500198163,0.587838462272277,0.608192022597699,0.6020925268876959,0.615241612947675,0.5335764880088086,0.990045516615607,0.5435340430041301,0.3891015657679426,0.43806736654146483,0.6456561622902344,0.6254649738509136,0.5947611235204809,0.22024419287452776,0.5538775975509466,0.5737508851268943,0.7710773161898788,0.7695062417370883,0.6831614869628877,0.7245767001677366,0.7245626936422223
0.588036427127098,0.5626621051448563,0.48578253693856377,0.5911167015086508,0.3397495225382076,0.4765900680948123,0.38612616664421706,0.5746066781322123,0.48523943554511223,0.1672997692054089,NaN,0.5613894362604948,0.41422853798968295,0.47619334245959705,0.529107874753423,0.4425341426725911,0.5313150309201673,0.46954143447129393,0.5957775373630005,0.6511103924890779,0.5036169196807252,0.5309178571465181,0.4132802237776492,0.5020945111289034,0.5020644816529184,0.5613038084411842,0.41201449379178184,0.46353156858052585,0.5409453012587407,1.0,0.35087432430244714,0.3859823049986607,0.5511477967052627,0.3261638136451757,0.5543587760758155,0.1884189328690185,0.6146144543355404,0.5816864672703494,0.5790736493653058,0.5591638582057368,0.48392563628523017,0.5898715278687326,0.35659825324254296,0.4858904170130907,0.382382061383298,0.5666884146336487,0.4865346668133769,0.17727449281056934,NaN,0.5602877323028986,0.4050081692484981,0.4765128947558189,0.5241279029009422,0.4411240935287151,0.5266033901468855,0.464689411105639,0.5919745052748007,0.6509124547054596,0.506663487972485,0.5464025478908373,0.4349765937673266,0.49741047104854097,0.5052829123940825,0.5628566069969557,0.4059106625112131,0.45677137345061497,0.5414212331233855,0.9990921913149224,0.3474307523742868,0.4071275865663141,0.5268621796665384,0.3286191330982176,0.561145614283395,0.19537590309244066,0.6081073842154937,0.5872333223505154,0.6474576845769442,0.6470021742583152,0.5545044276943666,0.5911409248333537,0.5915237036739521
0.5882526397224616,0.7455999453185517,0.7449441666477438,0.5542012679602848,0.6545540325437853,0.5035989406632184,0.2394927749214853,0.5307704210527543,0.7674819829609403,0.4581514420766398,NaN,0.6842060531366335,0.6594084197845096,0.7370100851068543,0.7103185273595183,0.671304580427412,0.46757832213634487,0.6987305428405788,0.4987594691320523,0.4555939542059655,0.589304582967063,0.7560589689505955,0.5460068972382203,0.5928096763552738,0.6399831453129293,0.6105286114950484,0.6747830675194875,0.6337135154713394,0.39379646104475435,0.35087432430244714,1.0,0.7031367253788322,0.6038807142219562,0.6645737265822282,0.4541709290282885,0.26190029948406185,0.4852589747605875,0.6158890313770677,0.5960628966973325,0.7539651659164406,0.7373252730765132,0.560818783676022,0.649203550085731,0.49627082272409556,0.23930864424131285,0.5328667228512014,0.7701266378395171,0.45740684865338416,NaN,0.6756610779392064,0.643126039048642,0.7315427332514015,0.7157754127831686,0.6726654792726928,0.4707434388228734,0.6921718077603585,0.5032586194623305,0.456441334537496,0.5869733418055535,0.7584392017758069,0.5619950226683057,0.5926638411805386,0.6334082461036613,0.6135188462491511,0.6702615072517144,0.6238629318554985,0.4141638984647327,0.34714385632254174,0.9985070554246088,0.7163615334009024,0.6003397112733617,0.6577867111051797,0.4590092952039455,0.26031188427410085,0.48768555527165436,0.6218037886731387,0.6855003085166179,0.6843868401830492,0.7480716857133018,0.7473446754896151,0.7472239159169809
0.5805322663582545,0.7401551182113989,0.7468073117487105,0.49278598417435315,0.5945897456645742,0.502660496746705,0.15657570197835702,0.5055198764058535,0.6691395006187815,0.44158451166992857,NaN,0.7276676104629846,0.6917389129401462,0.6669516292651754,0.7492826172342013,0.6435247490434094,0.42738966186713023,0.5696451459616727,0.4577168528667304,0.4212013607483758,0.6182127635311748,0.742048856590282,0.5139507960059975,0.46926251200649266,0.6080037668313454,0.5841575783633904,0.5251681537266287,0.7371542812453499,0.41543287275265406,0.3859823049986607,0.7031367253788322,1.0,0.6004426304576156,0.5486905060624087,0.5074818979489117,0.3082133039894199,0.30812036425423894,0.5418358074553165,0.5796354498252122,0.7368440459277389,0.7207260103734512,0.4824594443990754,0.5833113625633238,0.45884830427898926,0.15960579814301168,0.5074303386545814,0.6508046783308192,0.43178024195719106,NaN,0.7213222198199937,0.6666555414194115,0.64879652682026,0.739399061035675,0.6435728066845686,0.4355878585746739,0.5527780711786464,0.46040801742343584,0.4225871496932254,0.6123082699171191,0.7257662861720338,0.5289115732936108,0.4705772257923617,0.5941513952559156,0.5869029161964071,0.5130843708207649,0.709186631104021,0.44308378767831647,0.37429157957740744,0.6917063338074171,0.9833256389014136,0.5721664558715593,0.5327939173121048,0.507890338575017,0.297633903910289,0.3144080875551388,0.543513283028919,0.5403851121325597,0.5413354537472396,0.5790780402525025,0.5797895812205285,0.5802419747712403
0.7746123185087005,0.7534959758806382,0.7685243892267627,0.635064779327619,0.612752800182224,0.6113201398929753,0.3125327119723575,0.6090794024367562,0.6867865838858214,0.3117484803298357,NaN,0.7238030692387123,0.6828567991621806,0.6993984802865892,0.8224136547909984,0.6287754947258379,0.618727454913859,0.6436798832163404,0.6097846308630868,0.6431906053343887,0.6352146552599574,0.7209596540669876,0.43229435703164504,0.5769182416942186,0.607221554109738,0.6329420942009396,0.578098816601352,0.6855093520591169,0.6499419954311823,0.5511477967052627,0.6038807142219562,0.6004426304576156,1.0,0.6239648566436035,0.713589932557557,0.3354546776273813,0.6255546791744372,0.7571548752733761,0.7727870624785459,0.7581657546243424,0.7686699972829779,0.632183872669864,0.6148831556972952,0.6157734852578648,0.3090096571862968,0.61015835260262,0.697587094666823,0.3164100049958999,NaN,0.7196081631459539,0.6608369592155738,0.7013868570012665,0.8219353157944583,0.6253974618589397,0.6237069994479456,0.6424332848792894,0.6072989932159812,0.6452240168457051,0.633061071427425,0.7285064492497881,0.4439494755564128,0.5781976333723995,0.6024616106832772,0.6236691671278104,0.5744980431873837,0.6859076699580975,0.6497052545711155,0.5504121345304632,0.596027887356642,0.6383808087989595,0.9935437047621842,0.6186330076314861,0.7222701969650543,0.32983165923639085,0.615744646785716,0.7603763582850066,0.7498441033708432,0.7490484691575943,0.6455641399267323,0.6775147137145019,0.6781237264087797
0.7634387273810445,0.7107491359040279,0.7542326102561333,0.5102036712167595,0.8744576644457894,0.44602537993547997,0.1701897152933669,0.414411133226572,0.872845231589473,0.6614892847670398,NaN,0.6803830654135369,0.8619148300848278,0.8613572115092233,0.772017905765273,0.5769927271641546,0.30758692131111826,0.46692452856707334,0.43294559973038177,0.5136303895195424,0.8006381285720416,0.7595419583421928,0.508775609468915,0.6800753203268685,0.7165661330320485,0.614611797413934,0.8089718103138949,0.5998359439388827,0.6263596471500162,0.3261638136451757,0.6645737265822282,0.5486905060624087,0.6239648566436035,1.0,0.4590738542673309,0.20858669722567932,0.6558501408774516,0.6156982983852527,0.7660850834904857,0.7150762801346628,0.7531299242859949,0.5177932903424648,0.8770229005384683,0.4476137209870393,0.16820887404049187,0.4396959970523058,0.8737358892981185,0.6654551922245869,NaN,0.675748819212176,0.8507971702379712,0.8572886877017923,0.7733456340235154,0.5653928593937823,0.32177387995235474,0.4757893106937581,0.43808520996151,0.5130430015828934,0.7990658139383936,0.7589675908570926,0.5293640034975419,0.6879181162215234,0.7096408999317213,0.6199584373210834,0.8059744807218104,0.5945506846244513,0.6431813028362915,0.32995739752158,0.6626940413016795,0.5628943926739988,0.6217211486332017,0.9980702265529706,0.4700488969809615,0.20614445604973133,0.6543692754732707,0.6289448845131643,0.7666628478574982,0.7662535070113443,0.8441518000486532,0.8443064737815601,0.8442447299159629
0.6690820262130363,0.5784241660653442,0.6496925936568889,0.6158202980282345,0.5021557874325,0.5356046903665903,0.2535482891336698,0.3497689974383523,0.5867703411403824,0.2810918646300343,NaN,0.6181119110205553,0.5350649013990681,0.5757107711572598,0.6224286080979575,0.6343962635501555,0.35506562369070116,0.4450187766082534,0.6700169847166173,0.5415599397145096,0.5658775735040306,0.5791519771476996,0.50527574900261,0.49317046759231065,0.5751457844686672,0.6727125383752639,0.47036339776804326,0.5757111314533782,0.5836694554357025,0.5543587760758155,0.4541709290282885,0.5074818979489117,0.713589932557557,0.4590738542673309,1.0,0.3908705988111378,0.4942990755115296,0.5926025878985659,0.6563081584770413,0.5901712335939449,0.6461650306279225,0.6077720730443726,0.4965390303771367,0.5206998926223722,0.25918077528994665,0.36305957587018756,0.5870367019014845,0.27727243405412766,NaN,0.6211021385765805,0.5193118634194803,0.5758173089908657,0.6121261230979739,0.6456434924070106,0.35918718116328363,0.44582889164435885,0.6741793616093343,0.5436744802174427,0.5618199562430017,0.5904082229693648,0.5143617052784626,0.4943080455337303,0.5706478540281404,0.6582386348168733,0.4607923466451929,0.5672438151987543,0.5814334217814238,0.5498283125368287,0.44973422404289726,0.5244188625033033,0.6868222309656343,0.45486826106983275,0.9973764266440142,0.3867282724599758,0.5026055107689946,0.5835900114139568,0.6923383133453858,0.6919922383915876,0.5769927819863847,0.6088579636453457,0.6086572342218656
0.3540636539182627,0.33744706913299627,0.2823578515898624,0.34590826802590524,0.22868513545856664,0.45765333916000817,0.005131968862131465,0.21592701249497678,0.24259400091889324,0.3158008220318224,NaN,0.2120056977618398,0.32628623297973697,0.24396210591548637,0.38040009504087036,0.3760791230170569,0.10680255964457924,0.37598111934619466,0.3813487979205146,0.3845162882634611,0.23104868758673178,0.261562566756638,0.2685016261051853,0.27188711721840736,0.14083784776319574,0.489721221910162,0.20416518610015497,0.44604934604149654,0.21929668688267343,0.1884189328690185,0.26190029948406185,0.3082133039894199,0.3354546776273813,0.20858669722567932,0.3908705988111378,1.0,0.30720900865751466,0.30522658279953824,0.3556386444558724,0.33964282377004396,0.2852071430930158,0.33815958416041575,0.2386692731344568,0.466853024010434,0.0006348443418570343,0.21646825035828338,0.24987755965885222,0.32434777040081,NaN,0.21251370531966068,0.3277916359466036,0.2502241917956646,0.375332747508894,0.3751070179950673,0.10695153473624194,0.3550879603176829,0.3913841868540215,0.38494574885166116,0.23605184481812613,0.26372931680625844,0.28140740248895674,0.2727854482362277,0.13333799061835133,0.4829934137595776,0.20207972252512055,0.4496173624465186,0.22040711124721502,0.19045407703649928,0.2554752690444065,0.3376828215738227,0.3195733093125844,0.2148654920486613,0.39959709775740127,0.9992748988276545,0.2993840244985863,0.30277795784758804,0.2493305238816355,0.25076273987219905,0.2888582600518871,0.289901277996897,0.2901892444683603
0.6138101887829903,0.5824657108015556,0.48994852999299704,0.5250632493187825,0.6032338951258257,0.5983741938430743,0.3634621462909253,0.4881008076078809,0.6725487230252422,0.5104465850999936,NaN,0.49418554370403817,0.5817663129333571,0.5894753816444069,0.5835635454375514,0.49455740088830197,0.5338886124434818,0.5035589385953794,0.4795391961670749,0.5947614469294602,0.5670215837627899,0.5509900500614725,0.4647205880886162,0.7658229538425914,0.4704231867261193,0.5775684366087744,0.7581158361813483,0.5115245997392224,0.5714784380107588,0.6146144543355404,0.4852589747605875,0.30812036425423894,0.6255546791744372,0.6558501408774516,0.4942990755115296,0.30720900865751466,1.0,0.6671691381375737,0.6117234153809853,0.5690071044422551,0.47589232756316285,0.5208715414512447,0.6142649982984266,0.6128469692297255,0.3621484382006905,0.5158934214657251,0.6589753768496304,0.5214628163103986,NaN,0.49794345969137294,0.583428132507675,0.5826411182567144,0.5829624459854822,0.4862839716868873,0.5398877992640378,0.4902691416581897,0.4737412729043646,0.5908298230623832,0.57466539371313,0.5423168164664428,0.49421433409708654,0.7668814102145362,0.4593106410749984,0.5724234965184832,0.7557719412479053,0.4975138771099568,0.5966566880999632,0.6185958155937424,0.4828646917109094,0.3191708186263718,0.6189523228380023,0.6624763945994796,0.50789222101455,0.31062740636441194,0.9966981071563934,0.6830106672001707,0.697807695118891,0.6968100149894211,0.7122925286817388,0.7196595510253011,0.718918641879485
0.6981898794810509,0.685169382152092,0.6696968224125385,0.6806708087461881,0.556906018811336,0.6655518200976709,0.38123365795383973,0.5229770203314276,0.7026925503155632,0.22614787295899236,NaN,0.6171814183678125,0.6318335279179341,0.6096176286126566,0.7050002237718154,0.55098831800172,0.5809283926453593,0.49089596294157395,0.6144405733923765,0.6176742930041498,0.5823362428004158,0.6803508043320222,0.4142277287215663,0.6230124537680367,0.7439269319687797,0.588294733050841,0.5990120182830424,0.6066453559773545,0.5769467930395156,0.5816864672703494,0.6158890313770677,0.5418358074553165,0.7571548752733761,0.6156982983852527,0.5926025878985659,0.30522658279953824,0.6671691381375737,1.0,0.7000131110589132,0.6913002831157079,0.67247299014264,0.6813461580440278,0.55983947151344,0.6840348632436697,0.377324237262315,0.5234465942873912,0.7161238422259532,0.23154719926750258,NaN,0.6071258780938239,0.6109636450149494,0.6122297333930375,0.7108535018286507,0.5376305730495226,0.5770695372644324,0.48665721206141443,0.6170246163749582,0.6182266076145447,0.5821763729427996,0.6827154715380438,0.4318341304739186,0.6206466729403571,0.7387864377344133,0.5887263633757541,0.5918138320471272,0.6078714716877792,0.5861924005697302,0.5820014137497893,0.6134696507534521,0.5803544322653036,0.757463201044117,0.6138149248966581,0.5987851197302517,0.30499801744795924,0.6631587101900788,0.9958947870417587,0.7507716119383392,0.7506259623553079,0.6983308075651165,0.7166668627958085,0.7174229326437322
0.9978615808920813,0.7398555639663,0.7235317718131351,0.6792547070432957,0.7400791382084032,0.5093378513633466,0.19151153766129347,0.5722435255298022,0.7808759761021891,0.5312656177014725,NaN,0.6829649002018476,0.7948639723948913,0.7582813995627707,0.7934597489006989,0.6207882143058783,0.3352318378588727,0.5809251121793211,0.6756106718923364,0.71184505398374,0.7350372023154945,0.7323711839068147,0.5928386659659662,0.677973744273665,0.7332764427696294,0.6896396347925149,0.7010041424426909,0.6780627804040058,0.7980916508261747,0.5790736493653058,0.5960628966973325,0.5796354498252122,0.7727870624785459,0.7660850834904857,0.6563081584770413,0.3556386444558724,0.6117234153809853,0.7000131110589132,1.0,0.7457540260468241,0.7268544106069978,0.6832476941746718,0.746061165548995,0.5186113548432113,0.18863577958302094,0.5843965280144462,0.7919465836201423,0.5363698922888666,NaN,0.6737365716569765,0.7854317783400192,0.7593730433931911,0.7918344669508023,0.6094779407919518,0.3470833759356932,0.583866741843201,0.674050075592736,0.7129451959931999,0.735421731830264,0.7365808559425044,0.621118898396452,0.6814820399690188,0.7298653244201805,0.6958313598324266,0.6945609278820972,0.6771120022800139,0.8213936793211771,0.5836693608013027,0.5926373728130787,0.5987252634341658,0.7581450046932048,0.7636052498950723,0.6671432769073729,0.3537401028369945,0.6114669071158659,0.7060819650963183,0.8515672641607682,0.8526165684620605,0.8176578366516246,0.8466095866045612,0.8475656317513868
0.7446561720673631,0.996347507557162,0.8424321524971545,0.5946370884518973,0.7106196929249792,0.5983595583471057,0.16902975449794683,0.6576051313356169,0.8533269230297293,0.4286762819732521,NaN,0.8728653822332959,0.8396752138421603,0.8265752053632801,0.8982134120945348,0.7643117288322279,0.485977993459816,0.7399164377743012,0.6054457603448172,0.577311063402016,0.8108567435910389,0.8791771774047296,0.5742961836319156,0.6114924180274469,0.6830205437467648,0.6747394041177469,0.7010053145668447,0.7516476188426744,0.5599758617638664,0.5591638582057368,0.7539651659164406,0.7368440459277389,0.7581657546243424,0.7150762801346628,0.5901712335939449,0.33964282377004396,0.5690071044422551,0.6913002831157079,0.7457540260468241,1.0,0.8310715133008008,0.593080434474906,0.7160655427758015,0.594499134326093,0.17206568897127675,0.6618461992330543,0.8513950080780466,0.44188587052623896,NaN,0.8692075868952124,0.8449692803478576,0.8191646399231653,0.8997756886571044,0.7663179759180356,0.49850907969189884,0.7374380946007785,0.6169065785534065,0.5789286035690249,0.8112367815321156,0.8783570854941036,0.6051508184188831,0.611895728952624,0.6733741811102033,0.6892723739246573,0.6921509855768717,0.7396166575456872,0.5880216909733418,0.5629870852873008,0.7492115620003627,0.7474419613535934,0.7357865707238788,0.7113493394502254,0.5997779494988006,0.3431941213909478,0.5770995239448301,0.7054800941336015,0.7718129697564466,0.7720494409648102,0.6977809005057799,0.7240592065688998,0.7248658210826595
0.7278226414086595,0.8188610513464543,0.995400952514143,0.5291274206902734,0.7941902655193442,0.5062752466650322,0.19906326584163428,0.5554058344292576,0.8233087016560227,0.5429419923934149,NaN,0.8329889863532857,0.7846019083339039,0.8346988981216017,0.8641848170994328,0.7538211137279203,0.4878132028424586,0.5790188665184285,0.5700472218739038,0.5051104474305926,0.8098991568964512,0.8395620290146402,0.5504987122770422,0.6339119257584754,0.7294554767489254,0.6644436637169048,0.6667929665447513,0.6651040838643804,0.5920771935159885,0.48392563628523017,0.7373252730765132,0.7207260103734512,0.7686699972829779,0.7531299242859949,0.6461650306279225,0.2852071430930158,0.47589232756316285,0.67247299014264,0.7268544106069978,0.8310715133008008,1.0,0.5360700163401831,0.794219164691755,0.5084000833483432,0.20247797785828645,0.5677075483910575,0.8403719601081088,0.5388296890933721,NaN,0.8291038752206853,0.7709278981440083,0.8371774848113023,0.8656987868759333,0.7508829623175509,0.5017209946500469,0.5861859395448742,0.5791770664676414,0.5073991034526092,0.804096281487058,0.8533776902887591,0.5602380432739784,0.633265510014116,0.7260755439236496,0.6594347351449495,0.6633045901909009,0.6674146981809754,0.5965484682951688,0.4828538947198817,0.7341843641788192,0.7599685762103483,0.7603732297022526,0.7463853774852724,0.6528701049278718,0.28221241622005006,0.4793500980789926,0.6754023959416806,0.7001716102347838,0.699357881688018,0.7218576942921417,0.7331538603432927,0.7334899438399329
0.684058956537654,0.5956682415660111,0.545712489872233,0.9971085134620389,0.4658064189465745,0.6295518637231301,0.20675638100528748,0.5436638940795389,0.6018373077974101,0.22667724090085783,NaN,0.5957173949487731,0.5790678677942809,0.5535802467535842,0.5779486485394572,0.5763862228194478,0.23743427432224357,0.5301460457340127,0.625644755529784,0.6208110387060006,0.5603227713762392,0.6028691247145763,0.39977080916288193,0.6466025426014688,0.6624718785084288,0.5230473008996889,0.4498512388958637,0.5564359526777173,0.5842095237153168,0.5898715278687326,0.560818783676022,0.4824594443990754,0.632183872669864,0.5177932903424648,0.6077720730443726,0.33815958416041575,0.5208715414512447,0.6813461580440278,0.6832476941746718,0.593080434474906,0.5360700163401831,1.0,0.4712515320735943,0.6353197367669206,0.19590559097994736,0.5373192483916,0.5957553767330798,0.23144811106793806,NaN,0.5890336353163104,0.5549760780967393,0.5456744123866952,0.5793195185485793,0.5609557536913143,0.22988647217795724,0.5252944175673181,0.6215996982045658,0.6215652929016504,0.5606551961680273,0.5997802438185742,0.4198818878419162,0.6438194082172334,0.6599028058197791,0.528981814322518,0.44529068805095556,0.5450045969724977,0.5921483473433964,0.5867746674590361,0.5586435932830072,0.4794193923844885,0.6138873610093579,0.5175870256051804,0.6165891199172272,0.33810554885167793,0.5115288254637416,0.6858879716685441,0.7107195517811994,0.7103378436292804,0.6211814640486044,0.6583815671852714,0.6581830692294836
0.7465626141404419,0.7170844095657818,0.8018220434100441,0.4700125217913302,0.9957469027726212,0.43200853441361936,0.13118087243117485,0.5144356746704083,0.8765819096924032,0.688999719452763,NaN,0.7094226983602229,0.7933081152418706,0.8613946527741403,0.802344292245751,0.6386818069474729,0.3479627472183992,0.49178411969631425,0.3953128259893645,0.4481194770133292,0.815684163195302,0.7964245617583015,0.6108105792276373,0.6922421506424037,0.6824669930250031,0.5847477306328638,0.804470376391254,0.6268887606587401,0.6388359306431246,0.35659825324254296,0.649203550085731,0.5833113625633238,0.6148831556972952,0.8770229005384683,0.4965390303771367,0.2386692731344568,0.6142649982984266,0.55983947151344,0.746061165548995,0.7160655427758015,0.794219164691755,0.4712515320735943,1.0,0.4284561580451979,0.1296096018210982,0.5328024195210448,0.8766077509323618,0.6858641498960621,NaN,0.70773829389828,0.7927781953233314,0.8544059952957198,0.7991459485624947,0.6313750988548609,0.3619254641058233,0.4912322371767814,0.39981231906696285,0.4470089774710556,0.8111695265641603,0.793597703572728,0.6270583045113362,0.6941802218595353,0.6768337394491163,0.5870924218387575,0.8039337478086273,0.6215864714883971,0.6543097506830206,0.3539899535268655,0.6486280284449959,0.5904333142272765,0.6044795477234184,0.8751914744371646,0.5112210016315935,0.23667809984847815,0.6180673244442906,0.573844153751701,0.7294260859336984,0.729146585564269,0.8317750319739728,0.8247767917554526,0.8246498952981678
0.5242270340696746,0.5915640782080094,0.5121844936175183,0.6442100494450533,0.4237673151045535,0.9883320272674634,0.21732816308341962,0.5254592551817667,0.5939455654170036,0.15103238397403657,NaN,0.5384406362768089,0.45122833824877595,0.5027885421030867,0.5993665595191459,0.5921755530295514,0.48121473023420547,0.4770218524645044,0.4872877863278048,0.4972279928672563,0.5248942426180461,0.5831881752853727,0.3854050385778841,0.54727336865398,0.5435511877166702,0.4258192974243442,0.44758181869905456,0.5358835783366057,0.3967699517414648,0.4858904170130907,0.49627082272409556,0.45884830427898926,0.6157734852578648,0.4476137209870393,0.5206998926223722,0.466853024010434,0.6128469692297255,0.6840348632436697,0.5186113548432113,0.594499134326093,0.5084000833483432,0.6353197367669206,0.4284561580451979,1.0,0.21441099488045315,0.5322268756486017,0.5944675345119828,0.14985938382450534,NaN,0.5307977308511507,0.43471009642005126,0.4992647712242893,0.5923845470215576,0.5907353839547337,0.4905233535166467,0.46040436589825495,0.4830852071320344,0.4972014037422498,0.5209835664680907,0.5868946541867968,0.4007307040661292,0.5464939079501567,0.5363612711147461,0.43147274426714155,0.44104781956028716,0.5273859555569508,0.4075622467412989,0.48034937009319534,0.49878766165453153,0.4971219086238811,0.6042782371764337,0.44816637066072723,0.5201141036529356,0.4655160561651529,0.6095999942365373,0.6798990490409081,0.5899178418950741,0.5890103696094157,0.5018527043523562,0.5140820347842788,0.5140076289604867
0.19725290032418177,0.16754864001623154,0.21268569695699135,0.18550149842191838,0.11575716459187185,0.20187439786378522,0.9986702787460723,0.08621455943554295,0.2556801194897133,-0.117968960024201,NaN,0.22393566965894068,0.1773013769450829,0.22412040732909672,0.19387230591199647,0.09591185498568257,0.5884814701877104,0.14390301325829202,0.008870453013319183,0.11574518862252238,0.1559273951065641,0.2121394576623495,-0.015729576883609528,0.2946695150747101,0.2066096367562224,0.11554950277293873,0.22534347624860926,0.13416733440233194,0.23304574221819116,0.382382061383298,0.23930864424131285,0.15960579814301168,0.3090096571862968,0.16820887404049187,0.25918077528994665,0.0006348443418570343,0.3621484382006905,0.377324237262315,0.18863577958302094,0.17206568897127675,0.20247797785828645,0.19590559097994736,0.1296096018210982,0.21441099488045315,1.0,0.09593867828028121,0.25338315739179623,-0.09887249031356864,NaN,0.2277156520323262,0.1847706321766373,0.219150593325174,0.20446236414696217,0.09368812694473819,0.5594686474944701,0.13672976777892912,0.008708840470665625,0.11460771259994593,0.1672311525177242,0.20683221788602618,-0.002220535622705803,0.290253551126057,0.20589863064244485,0.11205087633284042,0.22642344890653374,0.12548215785038827,0.22831743984504074,0.38682305651705995,0.23468002708682173,0.16362339056769562,0.3143383220704629,0.16750755176233545,0.26556946833345,0.009359042883817057,0.351516037438491,0.3853306247401418,0.3983967541748673,0.397360080988319,0.2845309482337129,0.3166840462964092,0.31585183796131283
0.5909042984046058,0.655289438058454,0.5576847878028802,0.5353959027940994,0.5131653626815252,0.5133214101098976,0.0915467888137858,0.9837733459342862,0.6011035068674807,0.30686301443913455,NaN,0.6367627521357397,0.5367375223512544,0.5567728954103714,0.6519317318876585,0.5044259187417443,0.39362289219753915,0.46086864461088656,0.4971196205002401,0.4268602494006294,0.5406853171436912,0.6647940907914432,0.34932352585166254,0.5006648426591389,0.5405786658612329,0.549952587597164,0.40208315995333754,0.6449029324971902,0.4302762093246678,0.5666884146336487,0.5328667228512014,0.5074303386545814,0.61015835260262,0.4396959970523058,0.36305957587018756,0.21646825035828338,0.5158934214657251,0.5234465942873912,0.5843965280144462,0.6618461992330543,0.5677075483910575,0.5373192483916,0.5328024195210448,0.5322268756486017,0.09593867828028121,1.0,0.6121533487525473,0.3172624853162371,NaN,0.6324611685929589,0.5338453970451085,0.5616437773393881,0.6573278405864672,0.5096681585952731,0.4121239881314999,0.4623827057888613,0.5036566687182107,0.4294400135938745,0.5376613427715978,0.6751993631622624,0.3723811997624081,0.4953371964411201,0.5466728943947871,0.5601682060708542,0.3999515731132785,0.6467979709817927,0.4441769958142692,0.5702540843861095,0.5339059766572999,0.545745978791691,0.6094307922014623,0.4495170830898504,0.37442561237566385,0.2195714954107919,0.5246257374707842,0.5321857137644236,0.5593006104477017,0.5602706085455574,0.5302348537090184,0.5508079154259518,0.5522931636326797
0.7949918464040142,0.8390173535043728,0.8416012102902213,0.5926611324768198,0.8745763928772612,0.5896923272509904,0.24980564822253162,0.5902800095866653,0.9943516679649506,0.5541988534756714,NaN,0.8349100527273978,0.8539441608060445,0.9080211354839912,0.8587181381245084,0.7249863576677881,0.4521379328333912,0.6115859199051031,0.5205879848884011,0.48266719902325106,0.8805176461773632,0.8959144051787208,0.643575700900152,0.7300877194436539,0.7592690641803392,0.6781680632156577,0.8333828381519803,0.6648110810844187,0.6323126550246808,0.4865346668133769,0.7701266378395171,0.6508046783308192,0.697587094666823,0.8737358892981185,0.5870367019014845,0.24987755965885222,0.6589753768496304,0.7161238422259532,0.7919465836201423,0.8513950080780466,0.8403719601081088,0.5957553767330798,0.8766077509323618,0.5944675345119828,0.25338315739179623,0.6121533487525473,1.0,0.555419435813681,NaN,0.8316492595159186,0.847434394914051,0.9061217830219592,0.8589696767403778,0.7237265202099503,0.4649361259549723,0.6162546917779894,0.5274491285061865,0.4829894726143881,0.8765514995339229,0.8979774460357719,0.6628926450497438,0.7347213467688206,0.7541884115128874,0.6826385849604781,0.8273995841349139,0.6525827352773835,0.6499390265774175,0.4870422695469984,0.7708648547386198,0.6725018236276319,0.6837549896295338,0.8726008516112227,0.593192107811445,0.25078134171977623,0.6672297611984642,0.723898579885338,0.8269402051372885,0.8267312469557322,0.8719243387981729,0.8791357234970938,0.8790083577270357
0.5278555566740649,0.44236923661662025,0.544037219990513,0.21939541854219557,0.6847354464104021,0.15329149760884062,-0.09718596124291179,0.3053318646616318,0.559422242208713,0.9975648855295035,NaN,0.41877878255755013,0.6117102911488977,0.6080906317395784,0.5140388262675336,0.4092754174220724,0.05839156615736355,0.30724870618191075,0.2940658018593444,0.4045758662751408,0.5998091533367976,0.4360044736806592,0.4282922105723019,0.4811565934123643,0.4072394968059395,0.6148801186038528,0.6571566543416968,0.43979671773485246,0.4671427923803695,0.17727449281056934,0.45740684865338416,0.43178024195719106,0.3164100049958999,0.6654551922245869,0.27727243405412766,0.32434777040081,0.5214628163103986,0.23154719926750258,0.5363698922888666,0.44188587052623896,0.5388296890933721,0.23144811106793806,0.6858641498960621,0.14985938382450534,-0.09887249031356864,0.3172624853162371,0.555419435813681,1.0,NaN,0.4155392947741646,0.6181858148055271,0.60535428005343,0.5082720488719725,0.4050934891453606,0.0865474493587361,0.3130346172924102,0.29883323786039967,0.40309097759156487,0.604743014291183,0.4352907019875814,0.4575085626565916,0.48947944465578075,0.4027757884224627,0.6197760798024657,0.65426349316081,0.436973040527364,0.5092420465493226,0.1838789383636684,0.45682582015047946,0.43115079476008716,0.3066278366373479,0.6614979340730277,0.28512851251830873,0.3216578705281961,0.5186585270681925,0.24671045158134844,0.48938084988079245,0.4913133527833199,0.6757924762792766,0.6610841478180254,0.6611916446735792
NaN,NaN,NaN,NaN,NaN,NaN,NaN,NaN,NaN,NaN,NaN,NaN,NaN,NaN,NaN,NaN,NaN,NaN,NaN,NaN,NaN,NaN,NaN,NaN,NaN,NaN,NaN,NaN,NaN,NaN,NaN,NaN,NaN,NaN,NaN,NaN,NaN,NaN,NaN,NaN,NaN,NaN,NaN,NaN,NaN,NaN,NaN,NaN,NaN,NaN,NaN,NaN,NaN,NaN,NaN,NaN,NaN,NaN,NaN,NaN,NaN,NaN,NaN,NaN,NaN,NaN,NaN,NaN,NaN,NaN,NaN,NaN,NaN,NaN,NaN,NaN,NaN,NaN,NaN,NaN,NaN
0.6840264759712269,0.8659990532305817,0.8426358384141851,0.5926557522834904,0.7012377298179072,0.5432373393443799,0.22155068162501437,0.6245022296932605,0.8398075614676874,0.4067062110952479,NaN,0.9985066296395528,0.7356403737025203,0.8271169814435715,0.8320149724951845,0.7368147906160253,0.4711797889954595,0.5828272341533292,0.5591879919834734,0.4118804413692455,0.8250879745211358,0.925325971928725,0.6003117025332593,0.6300496917729493,0.7083855638272771,0.6110900162797579,0.6587933841995233,0.6738335566021151,0.517989321242723,0.5602877323028986,0.6756610779392064,0.7213222198199937,0.7196081631459539,0.675748819212176,0.6211021385765805,0.21251370531966068,0.49794345969137294,0.6071258780938239,0.6737365716569765,0.8692075868952124,0.8291038752206853,0.5890336353163104,0.70773829389828,0.5307977308511507,0.2277156520323262,0.6324611685929589,0.8316492595159186,0.4155392947741646,NaN,1.0,0.7303752179137208,0.8202793271658805,0.8284795246041914,0.7435054043843217,0.4755808220123129,0.5823461286546405,0.564491384618101,0.41296528885831973,0.8203499882769028,0.9250904613759279,0.6215648009674023,0.6317519390203075,0.7008565969039294,0.6200155150034322,0.6523660233672992,0.6463709390135327,0.5292308153501442,0.5599853542260285,0.6726482171985021,0.7272338633043886,0.6929675321503396,0.6676285598532189,0.6320740366972984,0.21521864026418389,0.509519872510544,0.6209601755291255,0.7196668683081814,0.7196980672663883,0.6659904484977848,0.6960752435697146,0.6959057185907529
0.7794967463523603,0.8401916163074834,0.780442449842553,0.5525674804750718,0.7887922506055821,0.4328448298684891,0.18678681256357887,0.5174471151679289,0.8505189485432534,0.6063726239144687,NaN,0.7331359600958286,0.9908982612876561,0.8251636064396272,0.8146079511006318,0.6544547744026151,0.3998902984896037,0.5638289938068943,0.4923961404588066,0.5446260607904888,0.7988483213115513,0.7769481421077582,0.495571201551534,0.6105164944052599,0.6252430532349601,0.6584264275607629,0.733767275868192,0.6858637094616485,0.6068013051247536,0.4050081692484981,0.643126039048642,0.6666555414194115,0.6608369592155738,0.8507971702379712,0.5193118634194803,0.3277916359466036,0.583428132507675,0.6109636450149494,0.7854317783400192,0.8449692803478576,0.7709278981440083,0.5549760780967393,0.7927781953233314,0.43471009642005126,0.1847706321766373,0.5338453970451085,0.847434394914051,0.6181858148055271,NaN,0.7303752179137208,1.0,0.8180436330184,0.8135833424740969,0.6455717496584722,0.4123942136232611,0.5674416767820756,0.5051774928837907,0.5447562582121105,0.8008700863748934,0.7742209657850958,0.5300255817972042,0.6175368520749746,0.6171323904888389,0.6743400806311337,0.7253419614664744,0.6805150941275656,0.6451654571379093,0.41098472165375355,0.6343703232538951,0.6654827801614891,0.6350573304928511,0.849770166100929,0.5267802544994202,0.3288472556629238,0.5807228846632924,0.6268263032377532,0.729396401751158,0.730358226294406,0.7597825331125106,0.7705207781767158,0.7709320551677702
0.7596907647713612,0.8025204642369366,0.8390423491092918,0.5376727275891042,0.8456512177097218,0.4981047624265585,0.21486786364496677,0.5350850178879325,0.8958629862485015,0.601820822572243,NaN,0.8229981147283553,0.8170729051308744,0.997695535067423,0.8443991571161422,0.7126119243242285,0.45165799968855247,0.6019636179021913,0.571648584295704,0.49008986968072926,0.849941646896824,0.8744740943818889,0.6034286143899199,0.6315473254624936,0.7357679213437791,0.6454589888692869,0.8158674212677564,0.6283178804553315,0.5734392500122311,0.4765128947558189,0.7315427332514015,0.64879652682026,0.7013868570012665,0.8572886877017923,0.5758173089908657,0.2502241917956646,0.5826411182567144,0.6122297333930375,0.7593730433931911,0.8191646399231653,0.8371774848113023,0.5456744123866952,0.8544059952957198,0.4992647712242893,0.219150593325174,0.5616437773393881,0.9061217830219592,0.60535428005343,NaN,0.8202793271658805,0.8180436330184,1.0,0.8445682312304444,0.7118994988876822,0.4712764974804212,0.6151200085455526,0.5813584495090953,0.49007096467308553,0.849462938031618,0.8833200509491131,0.6255646645195125,0.6330340226129303,0.7337104273646673,0.6530889298903332,0.8135606346432025,0.6241812351036279,0.5983748197113887,0.481990222693311,0.7324614248338777,0.6819508846083496,0.694977457512655,0.8535696707869542,0.588962831457661,0.2508348986345937,0.585758404889715,0.6256825658575514,0.7703625591336659,0.7705511047415484,0.802019630650854,0.8095213416530157,0.8096931498709831
0.7919989597197342,0.8966293878006394,0.8731657608636608,0.5787783330505304,0.7976854422767385,0.5954578621720111,0.2028628432496644,0.6602956400243604,0.8576981888370699,0.4995161394932031,NaN,0.8360826957129539,0.8168277703258452,0.8495953098425001,0.9984001024822531,0.7387348744110699,0.4989795019395965,0.6588812252872907,0.6090064030887405,0.5447693104043728,0.8000514102413753,0.8701594175804448,0.5900299316071624,0.6478605917361605,0.7194927920877516,0.7000290340108296,0.6939114204653054,0.7858186972061177,0.6541281992655112,0.5241279029009422,0.7157754127831686,0.739399061035675,0.8219353157944583,0.7733456340235154,0.6121261230979739,0.375332747508894,0.5829624459854822,0.7108535018286507,0.7918344669508023,0.8997756886571044,0.8656987868759333,0.5793195185485793,0.7991459485624947,0.5923845470215576,0.20446236414696217,0.6573278405864672,0.8589696767403778,0.5082720488719725,NaN,0.8284795246041914,0.8135833424740969,0.8445682312304444,1.0,0.7384858669104531,0.5136163889713227,0.6571933737309493,0.6149499159970255,0.5466325941292035,0.7973241758411532,0.868452154321069,0.6167936278759653,0.6502773943000472,0.7109718726213868,0.7083251098314087,0.6875105271307341,0.7749616472235672,0.6684735526009846,0.5272617384293048,0.7115992950920239,0.7501855946936323,0.8072480814262406,0.7646456506144711,0.6230266724266171,0.3737518305329285,0.5887895727287348,0.7206579420675997,0.7608212395073742,0.7607260887340389,0.716571154829008,0.7402631908478413,0.7409943964913087
0.6015164715777442,0.7636942010693909,0.7651012448193597,0.5579141886021782,0.6330510584950721,0.6132841543088341,0.09054197571582044,0.49894889449349344,0.7330763991267055,0.39833062184417206,NaN,0.7476418947635659,0.6392592459170292,0.7199136971330224,0.7371629642189306,0.9970567297072009,0.29533388810520445,0.6520053684413495,0.5182787205346858,0.48091673864741136,0.7669766888357396,0.7765130384127039,0.6602624666555433,0.6021441452607761,0.5422082777547704,0.6608392411120072,0.5812197202406698,0.6518104162157551,0.46119154241435273,0.4411240935287151,0.6726654792726928,0.6435728066845686,0.6253974618589397,0.5653928593937823,0.6456434924070106,0.3751070179950673,0.4862839716868873,0.5376305730495226,0.6094779407919518,0.7663179759180356,0.7508829623175509,0.5609557536913143,0.6313750988548609,0.5907353839547337,0.09368812694473819,0.5096681585952731,0.7237265202099503,0.4050934891453606,NaN,0.7435054043843217,0.6455717496584722,0.7118994988876822,0.7384858669104531,1.0,0.3144877735444932,0.6431891975785873,0.5336726138832669,0.4822207266967105,0.7669894663270266,0.7760118945441025,0.6843704313315113,0.6028638666538322,0.5323749222175772,0.6731411393835965,0.5756911509771445,0.6321905919779705,0.49838487715177743,0.4410525317696851,0.6703851410480325,0.6544486680097067,0.6070850890333813,0.5616460952227971,0.6522457362983362,0.37668806583243797,0.49479515997434714,0.5522562464568764,0.6201778281161687,0.6207306360547331,0.5999327515412984,0.6091045769208501,0.6098368193785901
0.3518181366227853,0.4948630346603624,0.5115528930399573,0.23913369751272676,0.3530409273822176,0.4816090247552796,0.551679022993724,0.40522439587783127,0.4645369112794954,0.08632868194480615,NaN,0.4720753522516902,0.4105453380059153,0.4778349300910296,0.516224404210717,0.3091707214228279,0.9943491903149297,0.4183210466196097,0.32768681700819713,0.28871454578735695,0.37840300734409676,0.48772338063809406,0.15106265040213004,0.4648085389136552,0.35479677801357157,0.36572277482641435,0.45210863563638287,0.3338884983531347,0.20924420245940975,0.5266033901468855,0.4707434388228734,0.4355878585746739,0.6237069994479456,0.32177387995235474,0.35918718116328363,0.10695153473624194,0.5398877992640378,0.5770695372644324,0.3470833759356932,0.49850907969189884,0.5017209946500469,0.22988647217795724,0.3619254641058233,0.4905233535166467,0.5594686474944701,0.4121239881314999,0.4649361259549723,0.0865474493587361,NaN,0.4755808220123129,0.4123942136232611,0.4712764974804212,0.5136163889713227,0.3144877735444932,1.0,0.4089242440087651,0.32669961758688093,0.28883570588601315,0.3790803997276827,0.4871301929765271,0.1684146959365871,0.4625614448850143,0.34463486001180776,0.3656982493616369,0.4482161123153641,0.31767367313905054,0.22786422958009844,0.5190438330848705,0.464098665920272,0.45601337842502415,0.6086884400204532,0.3183931886316036,0.3562163388376373,0.10677816713276893,0.5450544996394677,0.5820659881248661,0.47050465107796796,0.4684984499806399,0.39551975726279415,0.4088913947617289,0.40823765477015095
0.5673239162738569,0.7326043009171808,0.5892373421568203,0.5200110492802499,0.47796557640488957,0.457542067660064,0.14061781574244597,0.47270944698480866,0.5995621694452249,0.30360518018609656,NaN,0.5931719350969504,0.5592780377021668,0.6132052362841144,0.6564521695982293,0.6425100269847684,0.41006272613415995,0.99457876826427,0.5609678795028487,0.603384730415544,0.5497177068890499,0.6223808667903686,0.5194343378056788,0.450685932918213,0.4029080653539505,0.5842318447278801,0.5419188622231124,0.5127844987007962,0.38785715574710944,0.464689411105639,0.6921718077603585,0.5527780711786464,0.6424332848792894,0.4757893106937581,0.44582889164435885,0.3550879603176829,0.4902691416581897,0.48665721206141443,0.583866741843201,0.7374380946007785,0.5861859395448742,0.5252944175673181,0.4912322371767814,0.46040436589825495,0.13672976777892912,0.4623827057888613,0.6162546917779894,0.3130346172924102,NaN,0.5823461286546405,0.5674416767820756,0.6151200085455526,0.6571933737309493,0.6431891975785873,0.4089242440087651,1.0,0.5713152534970459,0.6045568042645658,0.5519845330855138,0.6245134376758081,0.5425720530133104,0.45165708261248705,0.395666669005774,0.5930698392425447,0.5382254648558007,0.5018800603534075,0.4098914451050353,0.4680905261170802,0.6837113733124085,0.5851119608845768,0.6232359908594326,0.47182571322450517,0.45942952743289484,0.357021640198219,0.4891056387726497,0.4969998575347542,0.5839905556990853,0.5833348992550836,0.5514581901421203,0.5659731954945612,0.5663817249630798
0.6747206747624344,0.6105329438827968,0.5777865720546187,0.624052568891267,0.38777539841195235,0.49127588522182186,0.01404401340934239,0.5183980179027968,0.5144071238330146,0.2902213209391127,NaN,0.5740945723668327,0.5188610806381448,0.5778676542312671,0.6197863919413095,0.5373821931716838,0.3164006913084318,0.5697719757080921,0.9977138617910966,0.6835910487177363,0.506653279453812,0.5715505392424401,0.4943837160979667,0.4844724017485636,0.5485090193261117,0.6534986601946332,0.4188838625751331,0.5623536845745831,0.4854807550596955,0.5919745052748007,0.5032586194623305,0.46040801742343584,0.6072989932159812,0.43808520996151,0.6741793616093343,0.3913841868540215,0.4737412729043646,0.6170246163749582,0.674050075592736,0.6169065785534065,0.5791770664676414,0.6215996982045658,0.39981231906696285,0.4830852071320344,0.008708840470665625,0.5036566687182107,0.5274491285061865,0.29883323786039967,NaN,0.564491384618101,0.5051774928837907,0.5813584495090953,0.6149499159970255,0.5336726138832669,0.32669961758688093,0.5713152534970459,1.0,0.6839701977359826,0.5067631651844574,0.5822797886885771,0.5177554462502142,0.48441659880530225,0.5434391082693592,0.6553465696519905,0.4077053792108574,0.5705370525762975,0.5031341766921836,0.5940295361073796,0.4966626770699426,0.48174542997509967,0.5800280565729915,0.4367552383218769,0.6812797574560526,0.39179303473865296,0.464933565444586,0.6142225467903979,0.5701016355650453,0.5700497072922895,0.4927540292893724,0.5245602125978336,0.5255247876257486
0.7088854397278213,0.5923811200359175,0.5149297059599969,0.624054309146613,0.44591632594385683,0.4926362205438012,0.12762981333696416,0.4537024133595614,0.4864780924817039,0.3908353144299143,NaN,0.4259482266449057,0.5583463226655169,0.49891275005245633,0.5510002838538783,0.5055610420742488,0.3006498141117297,0.6134884916242821,0.6908900185061658,0.9999012203812055,0.4819338248359831,0.49477548686653094,0.4782859680080292,0.4544008220678079,0.5359105426534592,0.6201011564232105,0.5015362811078993,0.5440760336750285,0.5909854677194898,0.6509124547054596,0.456441334537496,0.4225871496932254,0.6452240168457051,0.5130430015828934,0.5436744802174427,0.38494574885166116,0.5908298230623832,0.6182266076145447,0.7129451959931999,0.5789286035690249,0.5073991034526092,0.6215652929016504,0.4470089774710556,0.4972014037422498,0.11460771259994593,0.4294400135938745,0.4829894726143881,0.40309097759156487,NaN,0.41296528885831973,0.5447562582121105,0.49007096467308553,0.5466325941292035,0.4822207266967105,0.28883570588601315,0.6045568042645658,0.6839701977359826,1.0,0.4862146179494023,0.49354043152171445,0.4946602414197242,0.4558799570169451,0.531739525458367,0.6085177733262421,0.4943667793377044,0.5468618515364309,0.5980052448803137,0.6491714153544811,0.43966496458317683,0.4321011325245258,0.6294337523580806,0.509108662932375,0.5481370065762327,0.3816187845007176,0.5738455578568225,0.6079994531067988,0.6563182681142606,0.6557870366643042,0.6094519502157693,0.6314954500560325,0.6318956323590451
0.7326039625464064,0.8051362698668033,0.8110249423429408,0.5555882748138313,0.8014302966701309,0.5268878268561544,0.16645641614394777,0.5086882336510781,0.8821992441074069,0.5940175012987204,NaN,0.825553211502758,0.790763276709447,0.8572938036378053,0.8009804832363824,0.7720606930008709,0.35523122688092523,0.5584325895464667,0.49555879946702214,0.48652138654162874,0.9990833988892456,0.8599495748076811,0.5783644808721788,0.6905712746931563,0.6773986199823714,0.6771192429577622,0.7520209010911051,0.5774640845639446,0.6096453491895242,0.506663487972485,0.5869733418055535,0.6123082699171191,0.633061071427425,0.7990658139383936,0.5618199562430017,0.23605184481812613,0.57466539371313,0.5821763729427996,0.735421731830264,0.8112367815321156,0.804096281487058,0.5606551961680273,0.8111695265641603,0.5209835664680907,0.1672311525177242,0.5376613427715978,0.8765514995339229,0.604743014291183,NaN,0.8203499882769028,0.8008700863748934,0.849462938031618,0.7973241758411532,0.7669894663270266,0.3790803997276827,0.5519845330855138,0.5067631651844574,0.4862146179494023,1.0,0.8581699649183059,0.6130174387928166,0.6941739335197503,0.6708166407249542,0.693919111129305,0.7454237146754306,0.5552306791798832,0.6475764352446796,0.5122132812876202,0.58094948095815,0.6191659522832368,0.6116514150733713,0.7979083586071264,0.5700945847819141,0.23991128891748215,0.5730011905524068,0.6013350905847021,0.7432428437488131,0.7441327364540035,0.7527346547312078,0.7664748066433122,0.7671711187907446
0.7401019066441272,0.8687162097128508,0.8591225984528464,0.6011689087394568,0.7838348291007868,0.5864834673559413,0.2044511041443624,0.6591423020041649,0.8976562135964131,0.4283479440241291,NaN,0.929598395807977,0.780924014015771,0.8876959951714049,0.8664286769258258,0.7752067113744096,0.47298719575221726,0.626837396415979,0.5734779847503584,0.49228977130189455,0.8614483944437332,0.9960860885419442,0.5955225989201364,0.6086342079015977,0.7604026066525355,0.69849005031965,0.7125138280034751,0.686635483953025,0.5551426722066206,0.5464025478908373,0.7584392017758069,0.7257662861720338,0.7285064492497881,0.7589675908570926,0.5904082229693648,0.26372931680625844,0.5423168164664428,0.6827154715380438,0.7365808559425044,0.8783570854941036,0.8533776902887591,0.5997802438185742,0.793597703572728,0.5868946541867968,0.20683221788602618,0.6751993631622624,0.8979774460357719,0.4352907019875814,NaN,0.9250904613759279,0.7742209657850958,0.8833200509491131,0.868452154321069,0.7760118945441025,0.4871301929765271,0.6245134376758081,0.5822797886885771,0.49354043152171445,0.8581699649183059,1.0,0.6195257892536287,0.6151754406282043,0.7560870869913011,0.7090426054230581,0.7075833704269062,0.6704951002697483,0.5754964744731981,0.5464700146705354,0.7566551807217862,0.7445765116029128,0.7125141262061393,0.7575188097484316,0.6035017033193707,0.2672183185567678,0.5514390621738482,0.6954595644309342,0.7565323496006222,0.7565976235585526,0.7339554114657875,0.7530549974307389,0.7534529186963511
0.6280696549854408,0.6116533862566588,0.5788012528295601,0.429871008196316,0.6268405183388951,0.41075297277274747,-0.0013342815203069632,0.3753513719287,0.6718917470162845,0.46032742317372843,NaN,0.6224442739557692,0.5261671875117793,0.6345364431158323,0.6253743317787683,0.6856860665075852,0.17499869205921006,0.5563037447206443,0.5146197766685765,0.4968337483124104,0.6186964671475148,0.623521099659543,0.9952782844597595,0.5918530791572634,0.511041314846323,0.6324041640931083,0.6323415309475585,0.6080089754999254,0.5711838500198163,0.4349765937673266,0.5619950226683057,0.5289115732936108,0.4439494755564128,0.5293640034975419,0.5143617052784626,0.28140740248895674,0.49421433409708654,0.4318341304739186,0.621118898396452,0.6051508184188831,0.5602380432739784,0.4198818878419162,0.6270583045113362,0.4007307040661292,-0.002220535622705803,0.3723811997624081,0.6628926450497438,0.4575085626565916,NaN,0.6215648009674023,0.5300255817972042,0.6255646645195125,0.6167936278759653,0.6843704313315113,0.1684146959365871,0.5425720530133104,0.5177554462502142,0.4946602414197242,0.6130174387928166,0.6195257892536287,1.0,0.5946430329779214,0.5052563175385355,0.6240903585111245,0.6265690613936408,0.5891818704569788,0.5775829176142822,0.4321683868497711,0.5581446356419494,0.5234164747970229,0.422551048240207,0.5254946158164298,0.5201676667743794,0.279706287627479,0.4964550989496801,0.4345853421905039,0.6408457674628119,0.6398560237070914,0.6596256591339492,0.6655660494578681,0.6646752261243075
0.6826203799527999,0.6220190208888374,0.637306516243789,0.6445865317854074,0.6880451206592864,0.5363361104122327,0.29493158504000844,0.49691075992433403,0.7401157632196143,0.4902074932690994,NaN,0.6344211537602784,0.6217217216961924,0.6418190473249505,0.6533788235097923,0.6152628169693941,0.45317865282835607,0.46504237713896723,0.48882145567316665,0.4592893096862143,0.6943802026433471,0.6148145813084317,0.5775759827564485,0.9983884343603507,0.5982747196709362,0.5831745748683973,0.6673671035489342,0.6114888083540774,0.587838462272277,0.49741047104854097,0.5926638411805386,0.4705772257923617,0.5781976333723995,0.6879181162215234,0.4943080455337303,0.2727854482362277,0.7668814102145362,0.6206466729403571,0.6814820399690188,0.611895728952624,0.633265510014116,0.6438194082172334,0.6941802218595353,0.5464939079501567,0.290253551126057,0.4953371964411201,0.7347213467688206,0.48947944465578075,NaN,0.6317519390203075,0.6175368520749746,0.6330340226129303,0.6502773943000472,0.6028638666538322,0.4625614448850143,0.45165708261248705,0.48441659880530225,0.4558799570169451,0.6941739335197503,0.6151754406282043,0.5946430329779214,1.0,0.5916161019144311,0.5815905713928166,0.6637932050545741,0.5993631625532614,0.6064139202351038,0.4941215715900752,0.5935531672729768,0.4668563818897653,0.5702169965342809,0.6886229702368796,0.505322991951624,0.27326116818922025,0.7624447049086479,0.6334568072703861,0.7839517275532096,0.7833287524027642,0.7766097442613945,0.7970805588872002,0.7960331668706019
0.7390200901138113,0.6604791899874185,0.7222664816915517,0.6514443625831362,0.6702616357447362,0.5295165198282519,0.19939029313091947,0.5294868724773837,0.7452321610355632,0.40795977068781913,NaN,0.7059387812603549,0.6391575555084431,0.7307173784358879,0.70970469072769,0.5344921605102654,0.3345999328600941,0.3912835980240246,0.547582970380133,0.5303245495083387,0.674826676922479,0.7473129258476792,0.4981154199788417,0.5923048709253789,0.9986193767011511,0.5265245042799204,0.6506925275611609,0.5221987541665929,0.608192022597699,0.5052829123940825,0.6334082461036613,0.5941513952559156,0.6024616106832772,0.7096408999317213,0.5706478540281404,0.13333799061835133,0.4593106410749984,0.7387864377344133,0.7298653244201805,0.6733741811102033,0.7260755439236496,0.6599028058197791,0.6768337394491163,0.5363612711147461,0.20589863064244485,0.5466728943947871,0.7541884115128874,0.4027757884224627,NaN,0.7008565969039294,0.6171323904888389,0.7337104273646673,0.7109718726213868,0.5323749222175772,0.34463486001180776,0.395666669005774,0.5434391082693592,0.531739525458367,0.6708166407249542,0.7560870869913011,0.5052563175385355,0.5916161019144311,1.0,0.523499860850744,0.6465459560068548,0.5154491245595655,0.6063767811472565,0.5022859558770038,0.6365670230619453,0.6321679043938775,0.6038910743599356,0.7018750964250603,0.573911344015246,0.1313953254052134,0.4659530634741477,0.7342583996842779,0.7419063555272745,0.7413331978542799,0.7273925152624925,0.7465141415914696,0.74646120335859
0.6877966039931219,0.6887682796778944,0.6672473998640093,0.5272901990581107,0.5923882937300166,0.44033840605417107,0.11177539281082044,0.562885828089691,0.6848737935063374,0.605018402741946,NaN,0.6311285625404847,0.6882913847819635,0.6573144678878776,0.707935519001441,0.6722521800345796,0.34148064380572907,0.6075348785222555,0.6520237144442814,0.6070814493430612,0.6937487947241884,0.7059593191304672,0.5934692266440127,0.576102321135367,0.5263005603227588,0.9963691394156865,0.6396298103888991,0.6467980005556263,0.6020925268876959,0.5628566069969557,0.6135188462491511,0.5869029161964071,0.6236691671278104,0.6199584373210834,0.6582386348168733,0.4829934137595776,0.5724234965184832,0.5887263633757541,0.6958313598324266,0.6892723739246573,0.6594347351449495,0.528981814322518,0.5870924218387575,0.43147274426714155,0.11205087633284042,0.5601682060708542,0.6826385849604781,0.6197760798024657,NaN,0.6200155150034322,0.6743400806311337,0.6530889298903332,0.7083251098314087,0.6731411393835965,0.3656982493616369,0.5930698392425447,0.6553465696519905,0.6085177733262421,0.693919111129305,0.7090426054230581,0.6240903585111245,0.5815905713928166,0.523499860850744,1.0,0.632493224481544,0.6290226824636314,0.6294763595937614,0.5641265359086035,0.6063597711708532,0.5928583580210994,0.6117974040418575,0.6156311468008608,0.6602876806822113,0.4830807502973109,0.5717812310672095,0.598510201986175,0.6528816439205491,0.6532381835181743,0.6215399515705216,0.6448204447027941,0.6456734561436047
0.693671831683586,0.6977591594678481,0.6812368344008941,0.4334548278978513,0.7960672237903689,0.4518598626613971,0.2263242012307753,0.36784145940669966,0.8356807898325229,0.6506820801007601,NaN,0.6511520145567471,0.7228259613736541,0.8216370196945788,0.6900744917751015,0.5813388638430088,0.44035688769377374,0.5499991539478336,0.40923441993407145,0.4964890193021942,0.743588875709047,0.721344043693886,0.6029690377092474,0.6621418326751933,0.6552972108861899,0.6231120530254226,0.9992259510658917,0.445615362976241,0.615241612947675,0.4059106625112131,0.6702615072517144,0.5130843708207649,0.5744980431873837,0.8059744807218104,0.4607923466451929,0.20207972252512055,0.7557719412479053,0.5918138320471272,0.6945609278820972,0.6921509855768717,0.6633045901909009,0.44529068805095556,0.8039337478086273,0.44104781956028716,0.22642344890653374,0.3999515731132785,0.8273995841349139,0.65426349316081,NaN,0.6523660233672992,0.7253419614664744,0.8135606346432025,0.6875105271307341,0.5756911509771445,0.4482161123153641,0.5382254648558007,0.4077053792108574,0.4943667793377044,0.7454237146754306,0.7075833704269062,0.6265690613936408,0.6637932050545741,0.6465459560068548,0.632493224481544,1.0,0.4283850410059322,0.6391012934880252,0.40806808225661584,0.6665391969262627,0.5178486571447131,0.5718440878361366,0.8045464404458098,0.47326470946440313,0.20504844269117561,0.7581126999636512,0.6068094640101716,0.7607988467983593,0.7602695132957178,0.8161096206284509,0.8196569683079907,0.8189236585292445
0.6826294865454662,0.7406869283149325,0.6713102942202432,0.5502741985539025,0.6260084697840902,0.5212143014965192,0.1284301323265831,0.6543655074148964,0.6524963579090228,0.4385259243943035,NaN,0.6487756741188881,0.7016254833235894,0.6278535819910662,0.7814521462926793,0.6376154745859935,0.3121190108893046,0.5075959382443259,0.5602004369169665,0.5477747671867911,0.5589968429965588,0.6654542088374831,0.5762092703317501,0.5957704885014975,0.5200222647139622,0.6322255561945624,0.4349103366188964,0.993748118896343,0.5335764880088086,0.45677137345061497,0.6238629318554985,0.709186631104021,0.6859076699580975,0.5945506846244513,0.5672438151987543,0.4496173624465186,0.4975138771099568,0.6078714716877792,0.6771120022800139,0.7396166575456872,0.6674146981809754,0.5450045969724977,0.6215864714883971,0.5273859555569508,0.12548215785038827,0.6467979709817927,0.6525827352773835,0.436973040527364,NaN,0.6463709390135327,0.6805150941275656,0.6241812351036279,0.7749616472235672,0.6321905919779705,0.31767367313905054,0.5018800603534075,0.5705370525762975,0.5468618515364309,0.5552306791798832,0.6704951002697483,0.5891818704569788,0.5993631625532614,0.5154491245595655,0.6290226824636314,0.4283850410059322,1.0,0.5413103712369641,0.4502800272426214,0.6180965152133479,0.7238446202718251,0.6700595285978651,0.5940436150082326,0.5737606541364023,0.44461526160543474,0.48989406137099323,0.614993904596599,0.656698568198133,0.6583904906735656,0.6453636558771024,0.6610950811436693,0.6623739692137839
0.8173800365308168,0.5903986317486801,0.6004855881693174,0.5871235893165164,0.6470343063498606,0.3929308100161863,0.2377306803480799,0.43214659517802606,0.6444422382816579,0.501773472068085,NaN,0.5375830314964645,0.6516733389956776,0.5988363749808837,0.6683311673630089,0.5208833367216293,0.22053310036947021,0.41819771912047166,0.5095304209532407,0.5976520029573577,0.6456645062136466,0.5739713868980756,0.5532592774751083,0.6031978599578028,0.6094524271855944,0.6241753553892417,0.6413070217606761,0.5360605834145948,0.990045516615607,0.5414212331233855,0.4141638984647327,0.44308378767831647,0.6497052545711155,0.6431813028362915,0.5814334217814238,0.22040711124721502,0.5966566880999632,0.5861924005697302,0.8213936793211771,0.5880216909733418,0.5965484682951688,0.5921483473433964,0.6543097506830206,0.4075622467412989,0.22831743984504074,0.4441769958142692,0.6499390265774175,0.5092420465493226,NaN,0.5292308153501442,0.6451654571379093,0.5983748197113887,0.6684735526009846,0.49838487715177743,0.22786422958009844,0.4098914451050353,0.5031341766921836,0.5980052448803137,0.6475764352446796,0.5754964744731981,0.5775829176142822,0.6064139202351038,0.6063767811472565,0.6294763595937614,0.6391012934880252,0.5413103712369641,1.0,0.5457771417190337,0.4097558421496367,0.4611913733662209,0.6405559746492338,0.6431170925585438,0.5938683185705167,0.22264711869111542,0.579598513678855,0.5884995206879676,0.7980330004654842,0.797061866065658,0.70535385709289,0.7476713867540131,0.7479007472690224
0.5916964683712599,0.5651355988096259,0.48337525339155524,0.5867630467640816,0.334990234326944,0.46874846977451384,0.3909903272510649,0.5763736114915428,0.4841735172048868,0.1711352483116225,NaN,0.561301831906477,0.4165609731709658,0.48040536363922604,0.5307967290509579,0.44282461240389936,0.5238190542740693,0.4721937383889569,0.596454609740962,0.6493174044620575,0.5078840415877686,0.52993021667261,0.40838158959792314,0.4985342769386822,0.4985149814432811,0.5613852657119437,0.41376787425925493,0.4552275695803263,0.5435340430041301,0.9990921913149224,0.34714385632254174,0.37429157957740744,0.5504121345304632,0.32995739752158,0.5498283125368287,0.19045407703649928,0.6185958155937424,0.5820014137497893,0.5836693608013027,0.5629870852873008,0.4828538947198817,0.5867746674590361,0.3539899535268655,0.48034937009319534,0.38682305651705995,0.5702540843861095,0.4870422695469984,0.1838789383636684,NaN,0.5599853542260285,0.41098472165375355,0.481990222693311,0.5272617384293048,0.4410525317696851,0.5190438330848705,0.4680905261170802,0.5940295361073796,0.6491714153544811,0.5122132812876202,0.5464700146705354,0.4321683868497711,0.4941215715900752,0.5022859558770038,0.5641265359086035,0.40806808225661584,0.4502800272426214,0.5457771417190337,1.0,0.3438622940634782,0.3974926787781493,0.5280735888744572,0.3335069996076774,0.5580375296099948,0.1984165135496428,0.6112345375168373,0.5888368549288489,0.6493813588743679,0.6489920707429239,0.5494427570725602,0.5875925339471738,0.5880475812683078
0.5845736470796951,0.738769267327953,0.739741325586507,0.5518814362914478,0.6542471023956138,0.5050130642283107,0.23382686139502262,0.5316896619781003,0.7662403862947236,0.4581951884453415,NaN,0.6809167740866215,0.6516568518481979,0.7361837253543129,0.705590736297908,0.6678423663789802,0.4586233954316641,0.6874158049214907,0.4922268826576495,0.43863423412963404,0.5833851783998566,0.7522965936389091,0.5421967390974787,0.5939795130964957,0.6424635022757182,0.6029987367081543,0.6706499113025448,0.6263361596439361,0.3891015657679426,0.3474307523742868,0.9985070554246088,0.6917063338074171,0.596027887356642,0.6626940413016795,0.44973422404289726,0.2554752690444065,0.4828646917109094,0.6134696507534521,0.5926373728130787,0.7492115620003627,0.7341843641788192,0.5586435932830072,0.6486280284449959,0.49878766165453153,0.23468002708682173,0.5339059766572999,0.7708648547386198,0.45682582015047946,NaN,0.6726482171985021,0.6343703232538951,0.7324614248338777,0.7115992950920239,0.6703851410480325,0.464098665920272,0.6837113733124085,0.4966626770699426,0.43966496458317683,0.58094948095815,0.7566551807217862,0.5581446356419494,0.5935531672729768,0.6365670230619453,0.6063597711708532,0.6665391969262627,0.6180965152133479,0.4097558421496367,0.3438622940634782,1.0,0.7082957960723839,0.5939421785794772,0.655967105160832,0.45483593220967716,0.25395124515163264,0.48671382741757635,0.6194184355873213,0.6880758705834431,0.6870040479442479,0.7478553195279056,0.7472390617002913,0.7470953733553007
0.5984402930985466,0.7413106542710477,0.7728870215257204,0.48794977465609096,0.5965549073502543,0.5237945886077724,0.159452309128222,0.5390123746103569,0.6744889996055113,0.4427041346508314,NaN,0.7339506905558371,0.6923145213310548,0.6893776495050895,0.7588159664973302,0.6544764261442088,0.44321689955544585,0.5925891210227476,0.4755201495923637,0.4300381694749536,0.6250354197079331,0.7484673537118784,0.5112006420338993,0.4660757868124889,0.6420020810797875,0.5919687974606628,0.5276383878312437,0.7402028501882895,0.43806736654146483,0.4071275865663141,0.7163615334009024,0.9833256389014136,0.6383808087989595,0.5628943926739988,0.5244188625033033,0.3376828215738227,0.3191708186263718,0.5803544322653036,0.5987252634341658,0.7474419613535934,0.7599685762103483,0.4794193923844885,0.5904333142272765,0.4971219086238811,0.16362339056769562,0.545745978791691,0.6725018236276319,0.43115079476008716,NaN,0.7272338633043886,0.6654827801614891,0.6819508846083496,0.7501855946936323,0.6544486680097067,0.45601337842502415,0.5851119608845768,0.48174542997509967,0.4321011325245258,0.6191659522832368,0.7445765116029128,0.5234164747970229,0.4668563818897653,0.6321679043938775,0.5928583580210994,0.5178486571447131,0.7238446202718251,0.4611913733662209,0.3974926787781493,0.7082957960723839,1.0,0.6178677915550628,0.5500113306017489,0.5258660324722392,0.32748417425921017,0.32332424230488904,0.5799856054682772,0.5568549410596282,0.5576647186422093,0.593264971823712,0.594345269879582,0.5949507751964541
0.758717062295882,0.7300257668914912,0.7572018620050567,0.6133499558736516,0.6018471480669585,0.595904030262339,0.3184496510496115,0.6083132712503817,0.6683936921511953,0.3026285989540651,NaN,0.697334158272094,0.6589772759085352,0.6902577394763771,0.8043035617421078,0.6118756832586618,0.6046352760580842,0.6231886256541251,0.5820938165543181,0.6270640146864112,0.6133047057547224,0.7019336305849649,0.4141311264421437,0.5695008578578911,0.6063935589408335,0.6232315391551075,0.5730995680768174,0.6620473856258965,0.6456561622902344,0.5268621796665384,0.6003397112733617,0.5721664558715593,0.9935437047621842,0.6217211486332017,0.6868222309656343,0.3195733093125844,0.6189523228380023,0.757463201044117,0.7581450046932048,0.7357865707238788,0.7603732297022526,0.6138873610093579,0.6044795477234184,0.6042782371764337,0.3143383220704629,0.6094307922014623,0.6837549896295338,0.3066278366373479,NaN,0.6929675321503396,0.6350573304928511,0.694977457512655,0.8072480814262406,0.6070850890333813,0.6086884400204532,0.6232359908594326,0.5800280565729915,0.6294337523580806,0.6116514150733713,0.7125141262061393,0.422551048240207,0.5702169965342809,0.6038910743599356,0.6117974040418575,0.5718440878361366,0.6700595285978651,0.6405559746492338,0.5280735888744572,0.5939421785794772,0.6178677915550628,1.0,0.6173428123194488,0.6979919511148284,0.3140056077117042,0.6081434680591774,0.7614071568128794,0.7443053966636468,0.7432785670073769,0.6357664117608833,0.6667742048788218,0.6675028458405158
0.7611951449833885,0.7051003338244851,0.7456560422030843,0.5092257098924886,0.8688856866508545,0.44139223322084475,0.16978893853770408,0.42016338079284277,0.8701066054182279,0.6562767167453077,NaN,0.6709212897599838,0.8563293563631035,0.8560846788724529,0.762579098259332,0.5737453138750273,0.30447527480625913,0.4627485164891806,0.4289170794866294,0.5099427304676092,0.7980560634373068,0.756839591298375,0.5045171145213253,0.6809052084626223,0.7082314550617063,0.6100610010722186,0.8062578678725939,0.5971032675035154,0.6254649738509136,0.3286191330982176,0.6577867111051797,0.5327939173121048,0.6186330076314861,0.9980702265529706,0.45486826106983275,0.2148654920486613,0.6624763945994796,0.6138149248966581,0.7636052498950723,0.7113493394502254,0.7463853774852724,0.5175870256051804,0.8751914744371646,0.44816637066072723,0.16750755176233545,0.4495170830898504,0.8726008516112227,0.6614979340730277,NaN,0.6676285598532189,0.849770166100929,0.8535696707869542,0.7646456506144711,0.5616460952227971,0.3183931886316036,0.47182571322450517,0.4367552383218769,0.509108662932375,0.7979083586071264,0.7575188097484316,0.5254946158164298,0.6886229702368796,0.7018750964250603,0.6156311468008608,0.8045464404458098,0.5940436150082326,0.6431170925585438,0.3335069996076774,0.655967105160832,0.5500113306017489,0.6173428123194488,1.0,0.4675835474720697,0.2137947185070512,0.6601907583908304,0.6289451772013311,0.7702397736417557,0.7697764270040496,0.844111710383097,0.8455942635000299,0.8455083166972095
0.6787152557831929,0.5881389401848552,0.6567414003979175,0.6234708349932508,0.5126037805620283,0.533835973612701,0.26140152619364343,0.3608785103781593,0.5918969436456545,0.28695499174535755,NaN,0.6293320188356029,0.5388574893211737,0.5882243593109049,0.6313965193968621,0.6424543458353097,0.3532948919941188,0.459414639060851,0.6761623575758181,0.5461227721606691,0.5726089922597771,0.5925685834822889,0.509163632069535,0.5045143353979241,0.578437844120031,0.6732128381587501,0.48128986748725266,0.5796271153349755,0.5947611235204809,0.561145614283395,0.4590092952039455,0.507890338575017,0.7222701969650543,0.4700488969809615,0.9973764266440142,0.39959709775740127,0.50789222101455,0.5987851197302517,0.6671432769073729,0.5997779494988006,0.6528701049278718,0.6165891199172272,0.5112210016315935,0.5201141036529356,0.26556946833345,0.37442561237566385,0.593192107811445,0.28512851251830873,NaN,0.6320740366972984,0.5267802544994202,0.588962831457661,0.6230266724266171,0.6522457362983362,0.3562163388376373,0.45942952743289484,0.6812797574560526,0.5481370065762327,0.5700945847819141,0.6035017033193707,0.5201676667743794,0.505322991951624,0.573911344015246,0.6602876806822113,0.47326470946440313,0.5737606541364023,0.5938683185705167,0.5580375296099948,0.45483593220967716,0.5258660324722392,0.6979919511148284,0.4675835474720697,1.0,0.39665082329343426,0.5149510453535342,0.5928002802697753,0.705692384967945,0.70519488969767,0.5835347797170154,0.6171467529023259,0.6169611001468854
0.3520614457695414,0.34059655075241146,0.27941804730396547,0.3449392528426842,0.22422357686080815,0.45466170367757147,0.0141725529497299,0.21787568622178058,0.24324745236866843,0.31104586254454886,NaN,0.2142990809499594,0.32392758253059223,0.24414474706717385,0.3781357855425842,0.37794206130139635,0.10684028542339566,0.37826965572695637,0.38080886882962206,0.3812821206963375,0.23382244115869513,0.26500696466524715,0.26512684748173704,0.27228079667961463,0.1388642398204329,0.48829277225240275,0.20661529873923482,0.440714263468776,0.22024419287452776,0.19537590309244066,0.26031188427410085,0.297633903910289,0.32983165923639085,0.20614445604973133,0.3867282724599758,0.9992748988276545,0.31062740636441194,0.30499801744795924,0.3537401028369945,0.3431941213909478,0.28221241622005006,0.33810554885167793,0.23667809984847815,0.4655160561651529,0.009359042883817057,0.2195714954107919,0.25078134171977623,0.3216578705281961,NaN,0.21521864026418389,0.3288472556629238,0.2508348986345937,0.3737518305329285,0.37668806583243797,0.10677816713276893,0.357021640198219,0.39179303473865296,0.3816187845007176,0.23991128891748215,0.2672183185567678,0.279706287627479,0.27326116818922025,0.1313953254052134,0.4830807502973109,0.20504844269117561,0.44461526160543474,0.22264711869111542,0.1984165135496428,0.25395124515163264,0.32748417425921017,0.3140056077117042,0.2137947185070512,0.39665082329343426,1.0,0.3023786970746532,0.30431539675274333,0.25461622292371233,0.2560039447415187,0.28875526477543206,0.29157017293521265,0.29183505766552437
0.6145965101746547,0.5900349714540625,0.49424358344039954,0.5164182425030427,0.6091032459465252,0.5989421769476634,0.3495722446526442,0.4959988471413716,0.6825012620759237,0.5082033074201904,NaN,0.5048449062367516,0.5794624039200972,0.5931790190759924,0.5885442491787041,0.49826152090467973,0.5366599571013706,0.4997063279319177,0.47039905360739,0.5771844321118703,0.5661558484969247,0.5609937669281222,0.4677954330887452,0.7615365751766512,0.4776293289216048,0.577335207400419,0.7611558118456753,0.5075543638345311,0.5538775975509466,0.6081073842154937,0.48768555527165436,0.3144080875551388,0.615744646785716,0.6543692754732707,0.5026055107689946,0.2993840244985863,0.9966981071563934,0.6631587101900788,0.6114669071158659,0.5770995239448301,0.4793500980789926,0.5115288254637416,0.6180673244442906,0.6095999942365373,0.351516037438491,0.5246257374707842,0.6672297611984642,0.5186585270681925,NaN,0.509519872510544,0.5807228846632924,0.585758404889715,0.5887895727287348,0.49479515997434714,0.5450544996394677,0.4891056387726497,0.464933565444586,0.5738455578568225,0.5730011905524068,0.5514390621738482,0.4964550989496801,0.7624447049086479,0.4659530634741477,0.5717812310672095,0.7581126999636512,0.48989406137099323,0.579598513678855,0.6112345375168373,0.48671382741757635,0.32332424230488904,0.6081434680591774,0.6601907583908304,0.5149510453535342,0.3023786970746532,1.0,0.6783375387369804,0.6906040183266213,0.6896403934460947,0.6999345566509512,0.7075985800306639,0.7068264547167025
0.7032382512489551,0.6998101213841806,0.6739563213141259,0.6839817211711415,0.5669471305561672,0.6606354937770399,0.38964523519712446,0.5286934648110775,0.7112788858054433,0.2390358078875738,NaN,0.6297461594195775,0.642251006070298,0.6233594269701541,0.7141411113148338,0.5662737956027968,0.5832854048189274,0.5023167588341241,0.6091978140987354,0.6078948027272071,0.5996632650189321,0.69441860605574,0.41282870731931154,0.6355745164187243,0.7401259443460315,0.5941552066437614,0.6125848886461254,0.615043710463157,0.5737508851268943,0.5872333223505154,0.6218037886731387,0.543513283028919,0.7603763582850066,0.6289448845131643,0.5835900114139568,0.30277795784758804,0.6830106672001707,0.9958947870417587,0.7060819650963183,0.7054800941336015,0.6754023959416806,0.6858879716685441,0.573844153751701,0.6798990490409081,0.3853306247401418,0.5321857137644236,0.723898579885338,0.24671045158134844,NaN,0.6209601755291255,0.6268263032377532,0.6256825658575514,0.7206579420675997,0.5522562464568764,0.5820659881248661,0.4969998575347542,0.6142225467903979,0.6079994531067988,0.6013350905847021,0.6954595644309342,0.4345853421905039,0.6334568072703861,0.7342583996842779,0.598510201986175,0.6068094640101716,0.614993904596599,0.5884995206879676,0.5888368549288489,0.6194184355873213,0.5799856054682772,0.7614071568128794,0.6289451772013311,0.5928002802697753,0.30431539675274333,0.6783375387369804,1.0,0.7658992298917249,0.7658506616097983,0.7098238960900266,0.7298061175813702,0.7305943565088677
0.8487651231603507,0.7675666453159508,0.7078472439599546,0.6991350731705743,0.7145793637661566,0.5813168310438801,0.4009593776114463,0.5483666416450605,0.8268889616725579,0.472687460858949,NaN,0.7232548496016736,0.730959925179568,0.7705276123786546,0.7578053399303067,0.6295748993975586,0.4592034076314433,0.586146457475853,0.5775044077160231,0.6570210005639715,0.7374023091666742,0.7588487255735458,0.6125114922877177,0.7780838388211088,0.7459496564244795,0.645048510173522,0.7640720577757307,0.666716101611417,0.7710773161898788,0.6474576845769442,0.6855003085166179,0.5403851121325597,0.7498441033708432,0.7666628478574982,0.6923383133453858,0.2493305238816355,0.697807695118891,0.7507716119383392,0.8515672641607682,0.7718129697564466,0.7001716102347838,0.7107195517811994,0.7294260859336984,0.5899178418950741,0.3983967541748673,0.5593006104477017,0.8269402051372885,0.48938084988079245,NaN,0.7196668683081814,0.729396401751158,0.7703625591336659,0.7608212395073742,0.6201778281161687,0.47050465107796796,0.5839905556990853,0.5701016355650453,0.6563182681142606,0.7432428437488131,0.7565323496006222,0.6408457674628119,0.7839517275532096,0.7419063555272745,0.6528816439205491,0.7607988467983593,0.656698568198133,0.7980330004654842,0.6493813588743679,0.6880758705834431,0.5568549410596282,0.7443053966636468,0.7702397736417557,0.705692384967945,0.25461622292371233,0.6906040183266213,0.7658992298917249,1.0,0.9998723234486928,0.8593468980354061,0.905864338855037,0.9055671341586696
0.8497528611047708,0.7677759057604041,0.7067665950179772,0.6984077888099302,0.7144486274919312,0.5803936604748272,0.39988167703971667,0.5482925005437679,0.8267311779957318,0.4745029676123418,NaN,0.7233462722061956,0.7320046671876931,0.7706778049473646,0.7577905101294766,0.6300988427285762,0.4568026334931567,0.5855266067749536,0.5772109665776002,0.6565255283819911,0.7383085916060078,0.7591096844867111,0.6111526995957982,0.7769147344393583,0.7452473688319476,0.6449825410128907,0.7636749686449138,0.6686153739582422,0.7695062417370883,0.6470021742583152,0.6843868401830492,0.5413354537472396,0.7490484691575943,0.7662535070113443,0.6919922383915876,0.25076273987219905,0.6968100149894211,0.7506259623553079,0.8526165684620605,0.7720494409648102,0.699357881688018,0.7103378436292804,0.729146585564269,0.5890103696094157,0.397360080988319,0.5602706085455574,0.8267312469557322,0.4913133527833199,NaN,0.7196980672663883,0.730358226294406,0.7705511047415484,0.7607260887340389,0.6207306360547331,0.4684984499806399,0.5833348992550836,0.5700497072922895,0.6557870366643042,0.7441327364540035,0.7565976235585526,0.6398560237070914,0.7833287524027642,0.7413331978542799,0.6532381835181743,0.7602695132957178,0.6583904906735656,0.797061866065658,0.6489920707429239,0.6870040479442479,0.5576647186422093,0.7432785670073769,0.7697764270040496,0.70519488969767,0.2560039447415187,0.6896403934460947,0.7658506616097983,0.9998723234486928,1.0,0.8601661776914924,0.9066626071207039,0.9064499042280518
0.817038474876295,0.6986786014616977,0.7281420081557108,0.61338727929894,0.8279441362260185,0.5022437104342657,0.28863924793234885,0.5133798331345133,0.8730065300236507,0.6712558864892472,NaN,0.6698267577807736,0.777638667910117,0.8025105298291405,0.7224504393353437,0.6133365490993586,0.385256419737578,0.5535824281409017,0.5032160870669281,0.6113372444783263,0.7536550525699018,0.7387446522318011,0.638490936579403,0.7690144718789332,0.7345446931094768,0.6199510077682585,0.8212800100270033,0.6558887681797341,0.6831614869628877,0.5545044276943666,0.7480716857133018,0.5790780402525025,0.6455641399267323,0.8441518000486532,0.5769927819863847,0.2888582600518871,0.7122925286817388,0.6983308075651165,0.8176578366516246,0.6977809005057799,0.7218576942921417,0.6211814640486044,0.8317750319739728,0.5018527043523562,0.2845309482337129,0.5302348537090184,0.8719243387981729,0.6757924762792766,NaN,0.6659904484977848,0.7597825331125106,0.802019630650854,0.716571154829008,0.5999327515412984,0.39551975726279415,0.5514581901421203,0.4927540292893724,0.6094519502157693,0.7527346547312078,0.7339554114657875,0.6596256591339492,0.7766097442613945,0.7273925152624925,0.6215399515705216,0.8161096206284509,0.6453636558771024,0.70535385709289,0.5494427570725602,0.7478553195279056,0.593264971823712,0.6357664117608833,0.844111710383097,0.5835347797170154,0.28875526477543206,0.6999345566509512,0.7098238960900266,0.8593468980354061,0.8601661776914924,1.0,0.9933191109798392,0.9934118419442575
0.8464221309265106,0.7238507541423846,0.7389092922920385,0.648790052032777,0.8173896823599914,0.5112814793610938,0.32081274678529526,0.5345627445176194,0.8798134813764543,0.6531726729770841,NaN,0.6996641103695682,0.7846188682496955,0.8094942542835847,0.744721022000261,0.6226372257497848,0.39903331706023937,0.5681799198636125,0.5343381717287535,0.633350851339067,0.7656934905424265,0.7576868669586199,0.6421905344623254,0.7891695613053623,0.753203812694928,0.641692022940994,0.8244342683476071,0.6726012185920353,0.7245767001677366,0.5911409248333537,0.7473446754896151,0.5797895812205285,0.6775147137145019,0.8443064737815601,0.6088579636453457,0.289901277996897,0.7196595510253011,0.7166668627958085,0.8466095866045612,0.7240592065688998,0.7331538603432927,0.6583815671852714,0.8247767917554526,0.5140820347842788,0.3166840462964092,0.5508079154259518,0.8791357234970938,0.6610841478180254,NaN,0.6960752435697146,0.7705207781767158,0.8095213416530157,0.7402631908478413,0.6091045769208501,0.4088913947617289,0.5659731954945612,0.5245602125978336,0.6314954500560325,0.7664748066433122,0.7530549974307389,0.6655660494578681,0.7970805588872002,0.7465141415914696,0.6448204447027941,0.8196569683079907,0.6610950811436693,0.7476713867540131,0.5875925339471738,0.7472390617002913,0.594345269879582,0.6667742048788218,0.8455942635000299,0.6171467529023259,0.29157017293521265,0.7075985800306639,0.7298061175813702,0.905864338855037,0.9066626071207039,0.9933191109798392,1.0,0.9999745491475527
0.8471975252016649,0.7246377506012047,0.7390767255413311,0.6484178546556048,0.8173155031759278,0.5111240723991458,0.3200033962177924,0.5358846589102257,0.879567860202989,0.6531845825115563,NaN,0.6996539984117996,0.785096528374418,0.8096219036501231,0.7453565326425565,0.6234202667261758,0.39815779496275094,0.5685796486929731,0.5351693685141621,0.6337330524160464,0.7663971168100773,0.7580696581186077,0.6411115751006273,0.7879512074313558,0.7530342059995794,0.6423452548168689,0.8237601467204372,0.6737355757223494,0.7245626936422223,0.5915237036739521,0.7472239159169809,0.5802419747712403,0.6781237264087797,0.8442447299159629,0.6086572342218656,0.2901892444683603,0.718918641879485,0.7174229326437322,0.8475656317513868,0.7248658210826595,0.7334899438399329,0.6581830692294836,0.8246498952981678,0.5140076289604867,0.31585183796131283,0.5522931636326797,0.8790083577270357,0.6611916446735792,NaN,0.6959057185907529,0.7709320551677702,0.8096931498709831,0.7409943964913087,0.6098368193785901,0.40823765477015095,0.5663817249630798,0.5255247876257486,0.6318956323590451,0.7671711187907446,0.7534529186963511,0.6646752261243075,0.7960331668706019,0.74646120335859,0.6456734561436047,0.8189236585292445,0.6623739692137839,0.7479007472690224,0.5880475812683078,0.7470953733553007,0.5949507751964541,0.6675028458405158,0.8455083166972095,0.6169611001468854,0.29183505766552437,0.7068264547167025,0.7305943565088677,0.9055671341586696,0.9064499042280518,0.9934118419442575,0.9999745491475527,1.0
